Folder Path,Title,Version Name,Version Date,External Key,Folder ID,Doc ID,Doc Code,Web Viewer URL,Processing Status,Processing Message
"Main Folder/IES Lighting Library/Z_Deprecated Standards Archive","DG-10-12, Design Guide for Choosing Light Sources for General Lighting","Version: 1",06/29/2026 19:09:14,,22cde7b7-24b4-4bac-96a0-54d7718c57f4,beb9348e-5b78-4cef-9f25-675fe5a93a73,0000-2E4F-3A9438-00656721,"https://lighting.ies.org/FpqUgJ",Completed,Processing completed successfully
"Main Folder/IES Lighting Library/Z_Deprecated Standards Archive","DG-16-05, Guidelines for Professional Filming or Photographing Works of Art in Museums","Version: 1",06/29/2026 19:09:13,,22cde7b7-24b4-4bac-96a0-54d7718c57f4,62c878cd-4769-4ce3-a00d-42028ccc8325,0000-2E4F-3A9436-0065671F,"https://lighting.ies.org/W3PQ68",Completed,Processing completed successfully
"Main Folder/IES Lighting Library/Z_Deprecated Standards Archive","DG-17-05, Fundamentals of Lighting for Videoconferencing","Version: 1",06/29/2026 19:14:32,,22cde7b7-24b4-4bac-96a0-54d7718c57f4,459274c1-16e9-4622-acb1-afe69703e78a,0000-2E4F-3A943E-00656727,"https://lighting.ies.org/WjBABQ",Completed,Processing completed successfully
"Main Folder/IES Lighting Library/Z_Deprecated Standards Archive","DG-18-08, Light + Design","Version: 1",06/29/2026 19:09:26,,22cde7b7-24b4-4bac-96a0-54d7718c57f4,8f26eaf3-eef5-4f07-8aee-c01978a60f13,0000-2E4F-3A943C-00656725,"https://lighting.ies.org/qjr7eg",Completed,Processing completed successfully
"Main Folder/IES Lighting Library/Z_Deprecated Standards Archive","DG-19-08, Design Guide for Roundabout Lighting","Version: 1",06/29/2026 19:09:15,,22cde7b7-24b4-4bac-96a0-54d7718c57f4,a4025965-166b-479f-a146-e04d63229660,0000-2E4F-3A9439-00656722,"https://lighting.ies.org/Na8wR3",Completed,Processing completed successfully
"Main Folder/IES Lighting Library/Z_Deprecated Standards Archive","DG-20-09, Stage Lighting—A Guide to the Planning of Theatres and Auditoriums","Version: 1",06/29/2026 19:09:16,,22cde7b7-24b4-4bac-96a0-54d7718c57f4,a218b016-fb8e-4c6a-ad8d-01c37a6c2a5a,0000-2E4F-3A943A-00656723,"https://lighting.ies.org/fZUvpY",Completed,Processing completed successfully
"Main Folder/IES Lighting Library/Z_Deprecated Standards Archive","DG-21-15, Design Guide for Residential Street Lighting","Version: 1",06/29/2026 19:09:18,,22cde7b7-24b4-4bac-96a0-54d7718c57f4,f79f1703-e913-4cca-92c1-32c6e23e8173,0000-2E4F-3A943B-00656724,"https://lighting.ies.org/R3KdEZ",Completed,Processing completed successfully
"Main Folder/IES Lighting Library/Z_Deprecated Standards Archive","DG-22-12, Design Guide for Sustainable Lighting: An Introduction to the Environmental Impacts of Lighting","Version: 1",06/29/2026 19:06:06,,22cde7b7-24b4-4bac-96a0-54d7718c57f4,7ffd5a4b-d773-4b86-b817-5f9a86bda46e,0000-2E4F-3A939E-00656687,"https://lighting.ies.org/ZyhwQE",Completed,Processing completed successfully
"Main Folder/IES Lighting Library/Z_Deprecated Standards Archive","DG-23-14, Lighting for Toll Plazas Publication of this Design Guide has been approved by the IES. Suggestions for revisions should be directed to the IES. Prepared by:","Version: 1",06/29/2026 19:06:02,,22cde7b7-24b4-4bac-96a0-54d7718c57f4,4f6f9436-0b35-425a-9e24-f6c129cd4677,0000-2E4F-3A939D-00656686,"https://lighting.ies.org/XAXZyp",Completed,Processing completed successfully
"Main Folder/IES Lighting Library/Z_Deprecated Standards Archive","DG-25-12, IES Design Guide for Hotel Lighting","Version: 1",06/29/2026 19:06:27,,22cde7b7-24b4-4bac-96a0-54d7718c57f4,97193899-67ed-4fd4-8f0b-e7b4e78af58b,0000-2E4F-3A93A8-00656691,"https://lighting.ies.org/Nxw7vH",Completed,Processing completed successfully
"Main Folder/IES Lighting Library/Z_Deprecated Standards Archive","DG-25-17, Design Guide for Hospitality Lighting","Version: 1",06/29/2026 19:06:10,,22cde7b7-24b4-4bac-96a0-54d7718c57f4,6ebe8c67-2a36-4c2d-afad-0fc9867ec20e,0000-2E4F-3A93A0-00656689,"https://lighting.ies.org/VgZ3Bm",Completed,Processing completed successfully
"Main Folder/IES Lighting Library/Z_Deprecated Standards Archive","DG-26-16, Lighting the Roadway in Work Zones","Version: 1",06/29/2026 19:06:08,,22cde7b7-24b4-4bac-96a0-54d7718c57f4,7b9bd4e6-4950-454d-be5d-fc96c0a2b54f,0000-2E4F-3A939F-00656688,"https://lighting.ies.org/HQ7ytK",Completed,Processing completed successfully
"Main Folder/IES Lighting Library/Z_Deprecated Standards Archive","DG-28-15, Guide for Selection, Installation, Operations and Maintenance of Roadway Lighting Control Systems","Version: 1",06/29/2026 19:06:11,,22cde7b7-24b4-4bac-96a0-54d7718c57f4,fe42bb6e-47bb-4f8f-b7b2-10faacb56a33,0000-2E4F-3A93A1-0065668A,"https://lighting.ies.org/Vc8bB6",Completed,Processing completed successfully
"Main Folder/IES Lighting Library/Z_Deprecated Standards Archive","DG-29-11_19, The Commissioning Process Applied to Lighting and Control Systems","Version: 1",06/29/2026 19:06:14,,22cde7b7-24b4-4bac-96a0-54d7718c57f4,fdb84be6-7cd0-4703-a684-a831d4f29618,0000-2E4F-3A93A2-0065668B,"https://lighting.ies.org/cvFHQ8",Completed,Processing completed successfully
"Main Folder/IES Lighting Library/Z_Deprecated Standards Archive","DG-31-18, Design Guide on Active Core Sunlighting for Buildings","Version: 1",06/29/2026 19:06:14,,22cde7b7-24b4-4bac-96a0-54d7718c57f4,3000015a-a967-4ce0-b003-60107496d9b3,0000-2E4F-3A93A3-0065668C,"https://lighting.ies.org/hNABP4",Completed,Processing completed successfully
"Main Folder/IES Lighting Library/Z_Deprecated Standards Archive","DG-4-14, Design Guide for Roadway Lighting Maintenance","Version: 1",06/29/2026 19:09:13,,22cde7b7-24b4-4bac-96a0-54d7718c57f4,4afe4d06-cd8d-45ea-b28f-6899757773f7,0000-2E4F-3A9435-0065671E,"https://lighting.ies.org/uqKpQR",Completed,Processing completed successfully
"Main Folder/IES Lighting Library/Z_Deprecated Standards Archive","G-1-03, Guideline for Security Lighting for People, Property, and Public Spaces","Version: 1",06/29/2026 19:06:26,,22cde7b7-24b4-4bac-96a0-54d7718c57f4,0c85112a-f9d3-41d2-b446-206b961bfecd,0000-2E4F-3A93A7-00656690,"https://lighting.ies.org/n7Azhy",Completed,Processing completed successfully
"Main Folder/IES Lighting Library/Z_Deprecated Standards Archive","G-1-16, SECURITY LIGHTING FOR PEOPLE, PROPERTY, AND CRITICAL INFRASTRUCTURE","Version: 1",06/29/2026 19:06:22,,22cde7b7-24b4-4bac-96a0-54d7718c57f4,aae8f5e4-b22e-4207-b473-d56d5af03bf9,0000-2E4F-3A93A4-0065668D,"https://lighting.ies.org/nmJckv",Completed,Processing completed successfully
"Main Folder/IES Lighting Library/Z_Deprecated Standards Archive","G-2-10, Guideline for the Application of General Illumination (""White"") Light-Emitting Diode (LED) Technologies","Version: 1",06/29/2026 19:06:23,,22cde7b7-24b4-4bac-96a0-54d7718c57f4,24cfca88-0fc8-4237-9dd8-9b77ac28369f,0000-2E4F-3A93A5-0065668E,"https://lighting.ies.org/aa4k3R",Completed,Processing completed successfully
"Main Folder/IES Lighting Library/Z_Deprecated Standards Archive","LEM-3-13, IES Guidelines for Upgrading Lighting Systems in Commercial and Institutional Spaces","Version: 1",06/29/2026 19:06:24,,22cde7b7-24b4-4bac-96a0-54d7718c57f4,5ad98559-81e9-4714-88fb-b1c729dbbf91,0000-2E4F-3A93A6-0065668F,"https://lighting.ies.org/RBDPQg",Completed,Processing completed successfully
"Main Folder/IES Lighting Library/Z_Deprecated Standards Archive","LEM-7-13, Lighting Controls for Energy Management","Version: 1",06/29/2026 19:06:28,,22cde7b7-24b4-4bac-96a0-54d7718c57f4,8ceb639b-8cb8-4b90-820c-a3140290ce5a,0000-2E4F-3A93AB-00656694,"https://lighting.ies.org/ueVeXv",Completed,Processing completed successfully
"Main Folder/IES Lighting Library/Z_Deprecated Standards Archive","LM-10-20, APPROVED METHOD: PHOTOMETRIC TESTING OF ROADWAY AND AREA LIGHTING FLUORESCENT LUMINAIRES","Version: 1",06/29/2026 19:06:30,"159f6c12-fec9-47fc-8807-90687d67ad8e",22cde7b7-24b4-4bac-96a0-54d7718c57f4,f50370dc-8f8a-47e8-b340-c0972ad804a5,0000-2E4F-3A93AE-00656697,"https://lighting.ies.org/jvwFNa",Completed,Processing completed successfully
"Main Folder/IES Lighting Library/Z_Deprecated Standards Archive","LM-11-20, APPROVED METHOD: PHOTOMETRIC TESTING OF SEARCHLIGHTS USING INCANDESCENT OR HID SOURCES","Version: 1",06/29/2026 19:06:30,"9bb0f11f-00cd-4c1b-90b7-92cb5e75d522",22cde7b7-24b4-4bac-96a0-54d7718c57f4,14ed144d-ccd2-484a-af8b-3b451903faeb,0000-2E4F-3A93AD-00656696,"https://lighting.ies.org/M2jtJ2",Completed,Processing completed successfully
"Main Folder/IES Lighting Library/Z_Deprecated Standards Archive","LM-20-13, Approved Method for Photometry of Reflector Type Lamps","Version: 1",06/29/2026 19:06:30,,22cde7b7-24b4-4bac-96a0-54d7718c57f4,f063bce0-bda3-40fc-b490-c3152f17a0ee,0000-2E4F-3A93AC-00656695,"https://lighting.ies.org/NgDknJ",Completed,Processing completed successfully
"Main Folder/IES Lighting Library/Z_Deprecated Standards Archive","LM-28-12, Approved Method: IES Guide for the Selection, Care and Use of Electrical Instruments in the Photometric Laboratory","Version: 1",06/29/2026 19:06:30,,22cde7b7-24b4-4bac-96a0-54d7718c57f4,8c90eb2e-45c3-40ba-aa49-5bb23a7c980b,0000-2E4F-3A93AF-00656698,"https://lighting.ies.org/eutUA2",Completed,Processing completed successfully
"Main Folder/IES Lighting Library/Z_Deprecated Standards Archive","LM-31-20, APPROVED METHOD: PHOTOMETRIC TESTING OF ROADWAY AND AREA LIGHTING LUMINAIRES USING INCANDESCENT FILAMENT OR HIGH INTENSITY DISCHARGE LAMPS","Version: 1",06/29/2026 19:06:33,"2ed9d1b3-aa42-4ca4-a959-17653090d4be",22cde7b7-24b4-4bac-96a0-54d7718c57f4,ac513b3a-4865-4e0f-ad33-3a5514babc78,0000-2E4F-3A93B4-0065669D,"https://lighting.ies.org/aF7cc3",Completed,Processing completed successfully
"Main Folder/IES Lighting Library/Z_Deprecated Standards Archive","LM-35-20, APPROVED METHOD: PHOTOMETRIC TESTING OF FLOODLIGHTS USING HIGH INTENSITY DISCHARGE OR INCANDESCENT FILAMENT LAMPS","Version: 1",06/29/2026 19:06:31,"76b79d3f-11ad-41a7-8b3e-659f33823cdf",22cde7b7-24b4-4bac-96a0-54d7718c57f4,6f5c7197-0e25-40bd-92eb-86b4d1da7e3c,0000-2E4F-3A93B0-00656699,"https://lighting.ies.org/edTAJQ",Completed,Processing completed successfully
"Main Folder/IES Lighting Library/Z_Deprecated Standards Archive","LM-37-16, IES Guide for Determination of Average Luminance (Calculated) for Indoor Luminaires","Version: 1",06/29/2026 19:06:32,,22cde7b7-24b4-4bac-96a0-54d7718c57f4,e6227ae8-2380-4d5d-86b9-d2e40d2b5273,0000-2E4F-3A93B1-0065669A,"https://lighting.ies.org/vRctFf",Completed,Processing completed successfully
"Main Folder/IES Lighting Library/Z_Deprecated Standards Archive","LM-40-10, Approved Method for Life Testing of Fluorescent Lamps","Version: 1",06/29/2026 19:06:32,,22cde7b7-24b4-4bac-96a0-54d7718c57f4,2a8aaf90-51d7-436b-bc84-776e3208da14,0000-2E4F-3A93B2-0065669B,"https://lighting.ies.org/8ZxUUj",Completed,Processing completed successfully
"Main Folder/IES Lighting Library/Z_Deprecated Standards Archive","LM-40-20, APPROVED METHOD: LIFE TESTING OF FLUORESCENT LAMPS","Version: 1",06/29/2026 19:06:33,"13b7560c-b928-4e5b-9983-ae04c99614a1",22cde7b7-24b4-4bac-96a0-54d7718c57f4,2cf0dd8c-2ec5-49c7-a23d-66538fd3a1e2,0000-2E4F-3A93B3-0065669C,"https://lighting.ies.org/pcuFqC",Completed,Processing completed successfully
"Main Folder/IES Lighting Library/Z_Deprecated Standards Archive","LM-41-14, Approved Method for Photometric Testing of Indoor Fluorescent Luminaires Publication of this report has been approved by the IES. Suggestions for revision should be directed to the IES. Prepared by","Version: 1",06/29/2026 19:06:33,,22cde7b7-24b4-4bac-96a0-54d7718c57f4,291e9e62-a181-4293-af88-d446df11992e,0000-2E4F-3A93B5-0065669E,"https://lighting.ies.org/BBytec",Completed,Processing completed successfully
"Main Folder/IES Lighting Library/Z_Deprecated Standards Archive","LM-41-20, APPROVED METHOD: PHOTOMETRIC TESTING OF INDOOR FLUORESCENT LUMINAIRES","Version: 1",06/29/2026 19:06:33,,22cde7b7-24b4-4bac-96a0-54d7718c57f4,7a0bc724-ce11-42b5-86d8-c2d9cbb3e8ac,0000-2E4F-3A93B6-0065669F,"https://lighting.ies.org/z4phK8",Completed,Processing completed successfully
"Main Folder/IES Lighting Library/Z_Deprecated Standards Archive","LM-45-15, Approved Method for the Electrical and Photometric Measurement of General Service Incandescent Filament Lamps","Version: 1",06/29/2026 19:06:33,,22cde7b7-24b4-4bac-96a0-54d7718c57f4,c11183eb-4833-4665-a0c4-06f3ff3cdc8f,0000-2E4F-3A93B7-006566A0,"https://lighting.ies.org/pPxCKY",Completed,Processing completed successfully
"Main Folder/IES Lighting Library/Z_Deprecated Standards Archive","LM-45-20, APPROVED METHOD: ELECTRICAL AND PHOTOMETRIC MEASUREMENT OF GENERAL SERVICE INCANDESCENT FILAMENT LAMPS","Version: 1",06/29/2026 19:06:34,"0112fed7-c73e-40e9-b9c5-e1d7ee7c3034",22cde7b7-24b4-4bac-96a0-54d7718c57f4,65f07d48-9945-461d-a2a6-1f37c08fb8ad,0000-2E4F-3A93B8-006566A1,"https://lighting.ies.org/Q2Eq3k",Completed,Processing completed successfully
"Main Folder/IES Lighting Library/Z_Deprecated Standards Archive","LM-46-04, Approved Method for Photometric Testing of Indoor Luminaires Using High Intensity Discharge or Incandescent Filament Lamps","Version: 1",06/29/2026 19:06:34,,22cde7b7-24b4-4bac-96a0-54d7718c57f4,0ffab3fc-d3de-4935-ae75-8a25a46f3aaa,0000-2E4F-3A93B9-006566A2,"https://lighting.ies.org/WTNW7Q",Completed,Processing completed successfully
"Main Folder/IES Lighting Library/Z_Deprecated Standards Archive","LM-46-20, APPROVED METHOD: PHOTOMETRIC TESTING OF INDOOR LUMINAIRES USING HIGH INTENSITY DISCHARGE OR INCANDESCENT FILAMENT LAMPS","Version: 1",06/29/2026 19:06:34,"ec7af6b2-5d33-49b9-9001-800cd3d1e4aa",22cde7b7-24b4-4bac-96a0-54d7718c57f4,13ae6e32-1590-4648-a3fc-7256c251b070,0000-2E4F-3A93BA-006566A3,"https://lighting.ies.org/R8kG46",Completed,Processing completed successfully
"Main Folder/IES Lighting Library/Z_Deprecated Standards Archive","LM-47-12, APPROVED METHOD FOR LIFE TESTING OF HIGH INTENSITY DISCHARGE (HID) LAMPS","Version: 1",06/29/2026 19:06:34,,22cde7b7-24b4-4bac-96a0-54d7718c57f4,b72464b3-22c8-4bee-8f4b-28d8e6afc159,0000-2E4F-3A93BB-006566A4,"https://lighting.ies.org/pKVJWg",Completed,Processing completed successfully
"Main Folder/IES Lighting Library/Z_Deprecated Standards Archive","LM-47-20, APPROVED METHOD: LIFE TESTING OF HIGH INTENSITY DISCHARGE (HID) LAMPS","Version: 1",06/29/2026 19:06:35,"164a310b-fca8-47be-b563-4575a9bec579",22cde7b7-24b4-4bac-96a0-54d7718c57f4,02e7d733-8e42-423f-b87f-fd9a22de0335,0000-2E4F-3A93BC-006566A5,"https://lighting.ies.org/GJbxPG",Completed,Processing completed successfully
"Main Folder/IES Lighting Library/Z_Deprecated Standards Archive","LM-49-12, Approved Method For Life Testing of Incandescent Filament Lamps","Version: 1",06/29/2026 19:06:35,,22cde7b7-24b4-4bac-96a0-54d7718c57f4,c0e81012-b9d1-4c7c-beb1-62436615caab,0000-2E4F-3A93BE-006566A7,"https://lighting.ies.org/twnjQa",Completed,Processing completed successfully
"Main Folder/IES Lighting Library/Z_Deprecated Standards Archive","LM-49-20, APPROVED METHOD: LIFE TESTING OF INCANDESCENT FILAMENT LAMPS","Version: 1",06/29/2026 19:06:35,"4987570e-81bc-4a33-b072-5440fe880e3b",22cde7b7-24b4-4bac-96a0-54d7718c57f4,3451e45d-399f-4df8-8261-611e3effdbc5,0000-2E4F-3A93BD-006566A6,"https://lighting.ies.org/YjHXvu",Completed,Processing completed successfully
"Main Folder/IES Lighting Library/Z_Deprecated Standards Archive","LM-50-13, Approved Method for Photometric Measurement of Roadway and Street Lighting Installations","Version: 1",06/29/2026 19:06:35,,22cde7b7-24b4-4bac-96a0-54d7718c57f4,3f84dfed-23b0-40fb-b5d0-602033aaeb7d,0000-2E4F-3A93BF-006566A8,"https://lighting.ies.org/FzHCXM",Completed,Processing completed successfully
"Main Folder/IES Lighting Library/Z_Deprecated Standards Archive","LM-51-20, APPROVED METHOD: ELECTRICAL AND PHOTOMETRIC MEASUREMENT OF HIGH INTENSITY DISCHARGE LAMPS","Version: 1",06/29/2026 19:06:36,"77fcf9ac-0c2c-4b5d-9d8e-06320c354d43",22cde7b7-24b4-4bac-96a0-54d7718c57f4,5ced7c72-f52b-46d6-b70c-eb7ae65ab235,0000-2E4F-3A93C0-006566A9,"https://lighting.ies.org/NxWtvP",Completed,Processing completed successfully
"Main Folder/IES Lighting Library/Z_Deprecated Standards Archive","LM-52-03, Guide for Photometric Measurements of Roadway Sign Installations","Version: 1",06/29/2026 19:06:36,,22cde7b7-24b4-4bac-96a0-54d7718c57f4,02e86592-29fd-4fce-aa6f-2cbf810c6be6,0000-2E4F-3A93C1-006566AA,"https://lighting.ies.org/dXW4Tf",Completed,Processing completed successfully
"Main Folder/IES Lighting Library/Z_Deprecated Standards Archive","LM-54-12, Guide to Lamp Seasoning","Version: 1",06/29/2026 19:06:36,,22cde7b7-24b4-4bac-96a0-54d7718c57f4,1a8373bf-771c-462c-b6dd-66324d8f4c2a,0000-2E4F-3A93C2-006566AB,"https://lighting.ies.org/4YbHZz",Completed,Processing completed successfully
"Main Folder/IES Lighting Library/Z_Deprecated Standards Archive","LM-58-13, Approved Method for Spectroradiometric Measurement Methods for Light Sources","Version: 1",06/29/2026 19:06:36,,22cde7b7-24b4-4bac-96a0-54d7718c57f4,7961333b-498e-49df-bae7-a17614d1cc16,0000-2E4F-3A93C3-006566AC,"https://lighting.ies.org/BY2yYK",Completed,Processing completed successfully
"Main Folder/IES Lighting Library/Z_Deprecated Standards Archive","LM-61-06, Approved Guide for Identifying Operating Factors Influencing Measured Vs.Predicted Performance for Installed Outdoor High Intensity Discharge (HID) Luminaires","Version: 1",06/29/2026 19:06:36,,22cde7b7-24b4-4bac-96a0-54d7718c57f4,8c1345a0-0e31-456c-8de4-5204807f72f9,0000-2E4F-3A93C4-006566AD,"https://lighting.ies.org/7QjMeR",Completed,Processing completed successfully
"Main Folder/IES Lighting Library/Z_Deprecated Standards Archive","LM-61-20, APPROVED METHOD: IDENTIFYING OPERATING FACTORS FOR INSTALLED HIGH INTENSITY DISCHARGE LUMINAIRES","Version: 1",06/29/2026 19:06:37,"415ab0c1-c76a-49f2-84eb-3fceb3a43d4c",22cde7b7-24b4-4bac-96a0-54d7718c57f4,a1cfcae6-30e5-41cd-a7e6-d58fd70a26cf,0000-2E4F-3A93C5-006566AE,"https://lighting.ies.org/bDyQgU",Completed,Processing completed successfully
"Main Folder/IES Lighting Library/Z_Deprecated Standards Archive","LM-62-06, Guide for Laboratory or Field Thermal Measurements of Fluorescent Lamps and Ballasts in Luminaires","Version: 1",06/29/2026 19:06:37,,22cde7b7-24b4-4bac-96a0-54d7718c57f4,b601eee0-2589-4b66-b406-78f26134239e,0000-2E4F-3A93C6-006566AF,"https://lighting.ies.org/ybf9vZ",Completed,Processing completed successfully
"Main Folder/IES Lighting Library/Z_Deprecated Standards Archive","LM-62-20, APPROVED METHOD: LABORATORY OR FIELD THERMAL MEASUREMENTS OF FLUORESCENT LAMPS AND BALLASTS IN LUMINAIRES","Version: 1",06/29/2026 19:06:37,"8e780d19-46e4-4377-ba2b-0507862a1bf9",22cde7b7-24b4-4bac-96a0-54d7718c57f4,9108f074-0895-47fb-b08c-9c70546ac447,0000-2E4F-3A93C7-006566B0,"https://lighting.ies.org/RYM8wK",Completed,Processing completed successfully
"Main Folder/IES Lighting Library/Z_Deprecated Standards Archive","LM-63-02_2015, Standard File Format for the Electronic Transfer of Photometric Data and Related Information","Version: 1",06/29/2026 19:06:39,,22cde7b7-24b4-4bac-96a0-54d7718c57f4,b647a37b-77c0-434c-8c05-21c432d356fc,0000-2E4F-3A93CB-006566B4,"https://lighting.ies.org/PDwF3k",Completed,Processing completed successfully
"Main Folder/IES Lighting Library/Z_Deprecated Standards Archive","LM-63-19, APPROVED METHOD: IES STANDARD FILE FORMAT FOR THE ELECTRONIC TRANSFER OF PHOTOMETRIC DATA AND RELATED INFORMATION","Version: 1",06/29/2026 19:06:38,"3ffb901c-4d3a-4404-bce0-d3ce87ef662d",22cde7b7-24b4-4bac-96a0-54d7718c57f4,95afc707-7f04-45bd-995b-571ff8b5b15b,0000-2E4F-3A93C9-006566B2,"https://lighting.ies.org/d7pXGQ",Completed,Processing completed successfully
"Main Folder/IES Lighting Library/Z_Deprecated Standards Archive","LM-65-14, Approved Method for Life Testing of Single-Based Fluorescent Lamps","Version: 1",06/29/2026 19:06:38,,22cde7b7-24b4-4bac-96a0-54d7718c57f4,e8909cf5-5200-4e65-956d-382e68794ea5,0000-2E4F-3A93C8-006566B1,"https://lighting.ies.org/Ryfn4x",Completed,Processing completed successfully
"Main Folder/IES Lighting Library/Z_Deprecated Standards Archive","LM-65-20, APPROVED METHOD: LIFE TESTING OF SINGLE-BASED FLUORESCENT LAMPS","Version: 1",06/29/2026 19:06:38,"f40fa20e-5a82-4f10-8078-fcadc73926d5",22cde7b7-24b4-4bac-96a0-54d7718c57f4,f6f6b6fd-0b9a-4306-a5a2-78d4ef05d33d,0000-2E4F-3A93CA-006566B3,"https://lighting.ies.org/eHTUnq",Completed,Processing completed successfully
"Main Folder/IES Lighting Library/Z_Deprecated Standards Archive","LM-66-14, Approved Method for the Electrical and Photometric Measurements of Single-Based Fluorescent Lamps","Version: 1",06/29/2026 19:06:39,,22cde7b7-24b4-4bac-96a0-54d7718c57f4,11c030aa-d48b-4664-82fa-bbf542f373e0,0000-2E4F-3A93CC-006566B5,"https://lighting.ies.org/8VurxC",Completed,Processing completed successfully
"Main Folder/IES Lighting Library/Z_Deprecated Standards Archive","LM-66-20, APPROVED METHOD: ELECTRICAL AND PHOTOMETRIC MEASUREMENTS OF SINGLE-BASED FLUORESCENT LAMPS","Version: 1",06/29/2026 19:06:39,"f1bb821e-401c-46bd-a92d-6efb5585fdc1",22cde7b7-24b4-4bac-96a0-54d7718c57f4,1a98e173-5471-42de-ac52-6967e590360e,0000-2E4F-3A93CD-006566B6,"https://lighting.ies.org/CCv3jw",Completed,Processing completed successfully
"Main Folder/IES Lighting Library/Z_Deprecated Standards Archive","LM-67-94, Calculation Procedures and Specification Criteria for Lighting Calculations","Version: 1",06/29/2026 19:06:39,,22cde7b7-24b4-4bac-96a0-54d7718c57f4,f8887261-0d52-4d17-944c-fd0fb2aeabdf,0000-2E4F-3A93CE-006566B7,"https://lighting.ies.org/Jv9aXg",Completed,Processing completed successfully
"Main Folder/IES Lighting Library/Z_Deprecated Standards Archive","LM-71-14, Approved Guide: Photometric Measurement of Tunnel Lighting Installations","Version: 1",06/29/2026 19:06:40,,22cde7b7-24b4-4bac-96a0-54d7718c57f4,6c186e3c-59a7-42f8-bc2a-f5ba725e0910,0000-2E4F-3A93CF-006566B8,"https://lighting.ies.org/3Uv3k4",Completed,Processing completed successfully
"Main Folder/IES Lighting Library/Z_Deprecated Standards Archive","LM-72-97, Guide for Directional Positioning of Photometric Data","Version: 1",06/29/2026 19:06:41,,22cde7b7-24b4-4bac-96a0-54d7718c57f4,cdb4cdee-60c7-47ec-a2b5-59eea2c72527,0000-2E4F-3A93D1-006566BA,"https://lighting.ies.org/cKAnvv",Completed,Processing completed successfully
"Main Folder/IES Lighting Library/Z_Deprecated Standards Archive","LM-73-04(R18)+E1, IES APPROVED METHOD FOR PHOTOMETRIC TESTING OF ENTERTAINMENT LIGHTING LUMINAIRES USING INCANDESCENT FILAMENT LAMPS OR HIGH INTENSITY DISCHARGE LAMPS","Version: 1",06/29/2026 19:06:40,,22cde7b7-24b4-4bac-96a0-54d7718c57f4,3d0227a3-776f-4523-98bf-14bd00a7667a,0000-2E4F-3A93D0-006566B9,"https://lighting.ies.org/YHtRK3",Completed,Processing completed successfully
"Main Folder/IES Lighting Library/Z_Deprecated Standards Archive","LM-73-04, Approved Method for Photometric Testing of Entertainment Lighting Luminaires Using Incandescent Filament Lamps or High Intensity Discharge Lamps","Version: 1",06/29/2026 19:06:41,,22cde7b7-24b4-4bac-96a0-54d7718c57f4,1f6dace1-fd8f-43e1-894b-c1f3d19f32f6,0000-2E4F-3A93D2-006566BB,"https://lighting.ies.org/yEVEBq",Completed,Processing completed successfully
"Main Folder/IES Lighting Library/Z_Deprecated Standards Archive","LM-73-18 (R2023), APPROVED METHOD FOR PHOTOMETRIC TESTING OF ENTERTAINMENT LIGHTING LUMINAIRES USING INCANDESCENT FILAMENT LAMPS OR HIGH INTENSITY DISCHARGE LAMPS","Version: 1",06/29/2026 19:06:41,"68d72974-ac8e-4902-beb6-90ac755b97cd",22cde7b7-24b4-4bac-96a0-54d7718c57f4,c86a17bc-062a-49c4-ae74-f32000d162f5,0000-2E4F-3A93D3-006566BC,"https://lighting.ies.org/vbfw9x",Completed,Processing completed successfully
"Main Folder/IES Lighting Library/Z_Deprecated Standards Archive","LM-74-05_2015, Standard File Format for the Electronic Transfer of Luminaire Component Data","Version: 1",06/29/2026 19:06:42,,22cde7b7-24b4-4bac-96a0-54d7718c57f4,7c5a2c1d-25c4-47df-a550-a3761d6b996d,0000-2E4F-3A93D4-006566BD,"https://lighting.ies.org/qYurWm",Completed,Processing completed successfully
"Main Folder/IES Lighting Library/Z_Deprecated Standards Archive","LM-75-01, Goniophotometer Types and Photometric Coordinates","Version: 1",06/29/2026 19:06:42,,22cde7b7-24b4-4bac-96a0-54d7718c57f4,29ef908d-6ef6-42c5-b4d2-8a182d13fae0,0000-2E4F-3A93D5-006566BE,"https://lighting.ies.org/eDa7Au",Completed,Processing completed successfully
"Main Folder/IES Lighting Library/Z_Deprecated Standards Archive","LM-77-09, Approved Method for Intensity Distribution Measurement of Luminaires and Lamps Using Digital Screen Imaging Photometry","Version: 1",06/29/2026 19:06:42,,22cde7b7-24b4-4bac-96a0-54d7718c57f4,7a6aaf9d-a14c-49e1-85c8-8d78cc855750,0000-2E4F-3A93D6-006566BF,"https://lighting.ies.org/3ykpNX",Completed,Processing completed successfully
"Main Folder/IES Lighting Library/Z_Deprecated Standards Archive","LM-78-07, Approved Method for Total Luminous Flux Measurement of Lamps Using an Integrating Sphere Photometer","Version: 1",06/29/2026 19:06:43,,22cde7b7-24b4-4bac-96a0-54d7718c57f4,97863763-d2d4-4f38-8bd5-46ac53a63494,0000-2E4F-3A93D8-006566C1,"https://lighting.ies.org/9nKHww",Completed,Processing completed successfully
"Main Folder/IES Lighting Library/Z_Deprecated Standards Archive","LM-78-17, Approved Method for Total Flux Measurement of Lamps Using an Integrating Sphere","Version: 1",06/29/2026 19:06:43,,22cde7b7-24b4-4bac-96a0-54d7718c57f4,73f6f7c6-ab9b-4b96-8143-1182be382811,0000-2E4F-3A93D7-006566C0,"https://lighting.ies.org/uMNjyv",Completed,Processing completed successfully
"Main Folder/IES Lighting Library/Z_Deprecated Standards Archive","LM-79-08, Approved Method for the Electrical and Photometric Measurements of Solid-State Lighting Products","Version: 1",06/29/2026 19:06:44,,22cde7b7-24b4-4bac-96a0-54d7718c57f4,084034e5-f85a-4668-af0f-b7642c6087dc,0000-2E4F-3A93D9-006566C2,"https://lighting.ies.org/A7PpWK",Completed,Processing completed successfully
"Main Folder/IES Lighting Library/Z_Deprecated Standards Archive","LM-79-19, APPROVED METHOD: OPTICAL AND ELECTRICAL MEASUREMENTS OF SOLID-STATE LIGHTING PRODUCTS","Version: 1",06/29/2026 19:06:44,"ecc6502d-84b1-4015-81dd-a1a1134c1bb7",22cde7b7-24b4-4bac-96a0-54d7718c57f4,1c3aea48-e43f-426f-bac4-8448ccc09dd9,0000-2E4F-3A93DB-006566C4,"https://lighting.ies.org/ABJP67",Completed,Processing completed successfully
"Main Folder/IES Lighting Library/Z_Deprecated Standards Archive","LM-80-15, Approved Method: Measuring Luminous Flux and Color Maintenance of LED Packages, Arrays and Modules","Version: 1",06/29/2026 19:06:44,,22cde7b7-24b4-4bac-96a0-54d7718c57f4,161e4cef-c09f-496d-a661-2418a692cc8c,0000-2E4F-3A93DA-006566C3,"https://lighting.ies.org/c2PdzV",Completed,Processing completed successfully
"Main Folder/IES Lighting Library/Z_Deprecated Standards Archive","LM-80-20, APPROVED METHOD: MEASURING LUMINOUS FLUX AND COLOR MAINTENANCE OF LED PACKAGES, ARRAYS, AND MODULES","Version: 1",06/29/2026 19:06:44,,22cde7b7-24b4-4bac-96a0-54d7718c57f4,6b3b542f-63a7-455e-b84f-cec588f0227f,0000-2E4F-3A93DC-006566C5,"https://lighting.ies.org/jzAKzy",Completed,Processing completed successfully
"Main Folder/IES Lighting Library/Z_Deprecated Standards Archive","LM-81-10, Approved Method for Photometric Testing of Skylights and Tubular Daylighting Devices under Hemispherical Sky Conditions","Version: 1",06/29/2026 19:06:45,,22cde7b7-24b4-4bac-96a0-54d7718c57f4,f3a160cd-2b10-4796-bf59-7d29182aea53,0000-2E4F-3A93DD-006566C6,"https://lighting.ies.org/TdWxTh",Completed,Processing completed successfully
"Main Folder/IES Lighting Library/Z_Deprecated Standards Archive","LM-81-20, APPROVED METHOD: PHOTOMETRIC TESTING OF SKYLIGHTS AND TUBULAR DAYLIGHTING DEVICES UNDER HEMISPHERICAL SKY CONDITIONS","Version: 1",06/29/2026 19:06:45,,22cde7b7-24b4-4bac-96a0-54d7718c57f4,0d369207-c078-4894-9e5d-feeec7753608,0000-2E4F-3A93DE-006566C7,"https://lighting.ies.org/8K2w6C",Completed,Processing completed successfully
"Main Folder/IES Lighting Library/Z_Deprecated Standards Archive","LM-82-12, Approved Method for the Characterization of LED Light Engines and LED Lamps for Electrical and Photometric Properties as a Function of Temperature","Version: 1",06/29/2026 19:06:45,,22cde7b7-24b4-4bac-96a0-54d7718c57f4,985f3881-1977-429a-bfcd-d6439d9a1844,0000-2E4F-3A93DF-006566C8,"https://lighting.ies.org/4KdftW",Completed,Processing completed successfully
"Main Folder/IES Lighting Library/Z_Deprecated Standards Archive","LM-83-12, Approved Method: Spatial Daylight Autonomy (sDA) and Annual Sunlight Exposure (ASE)","Version: 1",06/29/2026 19:06:45,,22cde7b7-24b4-4bac-96a0-54d7718c57f4,0453ea66-1ac8-4c89-9241-a707f6c2e1ae,0000-2E4F-3A93E0-006566C9,"https://lighting.ies.org/nZ6XcJ",Completed,Processing completed successfully
"Main Folder/IES Lighting Library/Z_Deprecated Standards Archive","LM-83-22, APPROVED METHOD: IES SPATIAL DAYLIGHT AUTONOMY (SDA) AND ANNUAL SUNLIGHT EXPOSURE (ASE)","Version: 1",06/29/2026 19:06:46,,22cde7b7-24b4-4bac-96a0-54d7718c57f4,b44237e3-c5cd-4eed-b2c9-7a7ebda1d541,0000-2E4F-3A93E1-006566CA,"https://lighting.ies.org/97kA7b",Completed,Processing completed successfully
"Main Folder/IES Lighting Library/Z_Deprecated Standards Archive","LM-84-14, Approved Method for Measuring Luminous Flux and Color Maintenance of LED Lamps, Light Engines, and Luminaires","Version: 1",06/29/2026 19:06:46,,22cde7b7-24b4-4bac-96a0-54d7718c57f4,fc3c8c4e-0e06-4807-aa59-00a91df94079,0000-2E4F-3A93E2-006566CB,"https://lighting.ies.org/kKx3cT",Completed,Processing completed successfully
"Main Folder/IES Lighting Library/Z_Deprecated Standards Archive","LM-85-14, Approved Method for the Electrical and Photometric Measurements of High-Power LEDs","Version: 1",06/29/2026 19:06:46,,22cde7b7-24b4-4bac-96a0-54d7718c57f4,3748ffeb-930b-4a1a-94ab-da059ddeed72,0000-2E4F-3A93E3-006566CC,"https://lighting.ies.org/7GcYV7",Completed,Processing completed successfully
"Main Folder/IES Lighting Library/Z_Deprecated Standards Archive","LM-85-20, APPROVED METHOD: OPTICAL AND ELECTRICAL MEASUREMENTS OF LED PACKAGES AND ARRAYS","Version: 1",06/29/2026 19:06:47,,22cde7b7-24b4-4bac-96a0-54d7718c57f4,39b1e843-c5b1-4d1e-8aec-728a40aa03c4,0000-2E4F-3A93E4-006566CD,"https://lighting.ies.org/28awj4",Completed,Processing completed successfully
"Main Folder/IES Lighting Library/Z_Deprecated Standards Archive","LM-86-15, Approved Method: Measuring Luminous Flux and Color Maintenance of Remote Phosphor Components","Version: 1",06/29/2026 19:06:47,,22cde7b7-24b4-4bac-96a0-54d7718c57f4,bfdca350-e350-4ecf-a6ea-9949ef8a4a01,0000-2E4F-3A93E5-006566CE,"https://lighting.ies.org/7x99m6",Completed,Processing completed successfully
"Main Folder/IES Lighting Library/Z_Deprecated Standards Archive","LM-86-20, APPROVED METHOD: MEASURING LUMINOUS FLUX AND COLOR MAINTENANCE OF REMOTE PHOSPHOR COMPONENTS","Version: 1",06/29/2026 19:06:47,"b506b8d0-7905-43f7-92a3-2c87e0840e83",22cde7b7-24b4-4bac-96a0-54d7718c57f4,8de6f2f0-545e-4855-bd0c-1b089df29359,0000-2E4F-3A93E6-006566CF,"https://lighting.ies.org/UGXr3j",Completed,Processing completed successfully
"Main Folder/IES Lighting Library/Z_Deprecated Standards Archive","LM-88-18, APPROVED METHOD: OPTICAL AND ELECTRICAL MEASUREMENTS OF AC-LED PACKAGES AND ARRAYS OR MODULES","Version: 1",06/29/2026 19:06:48,,22cde7b7-24b4-4bac-96a0-54d7718c57f4,c70b71a1-30fe-46c8-90bd-265213b386a6,0000-2E4F-3A93E7-006566D0,"https://lighting.ies.org/zuebYh",Completed,Processing completed successfully
"Main Folder/IES Lighting Library/Z_Deprecated Standards Archive","LM-9-09, Approved Method for the Electrical and Photometric Measurement of Fluorescent Lamps","Version: 1",06/29/2026 19:06:28,,22cde7b7-24b4-4bac-96a0-54d7718c57f4,409ca554-21ca-4758-87fe-bdb0062e5a6d,0000-2E4F-3A93A9-00656692,"https://lighting.ies.org/BnVkab",Completed,Processing completed successfully
"Main Folder/IES Lighting Library/Z_Deprecated Standards Archive","LM-9-20, APPROVED METHOD: ELECTRICAL AND PHOTOMETRIC MEASUREMENT OF FLUORESCENT LAMPS","Version: 1",06/29/2026 19:06:28,,22cde7b7-24b4-4bac-96a0-54d7718c57f4,4541bb88-4d9b-446e-af7b-6960927c65f5,0000-2E4F-3A93AA-00656693,"https://lighting.ies.org/YzWAM7",Completed,Processing completed successfully
"Main Folder/IES Lighting Library/Z_Deprecated Standards Archive","LP-1-20, LIGHTING PRACTICE: DESIGNING QUALITY LIGHTING FOR PEOPLE AND BUILDINGS","Version: 1",06/29/2026 19:07:04,,22cde7b7-24b4-4bac-96a0-54d7718c57f4,40017ddd-c03e-4520-aae2-5a5bbcdd7069,0000-2E4F-3A93EF-006566D8,"https://lighting.ies.org/Tk2z7M",Completed,Processing completed successfully
"Main Folder/IES Lighting Library/Z_Deprecated Standards Archive","LS-2-20, LIGHTING SCIENCE: CONCEPTS AND LANGUAGE OF LIGHTING","Version: 1",06/29/2026 19:06:48,,22cde7b7-24b4-4bac-96a0-54d7718c57f4,98f0a3ba-cde1-433b-b447-fa01343dadf5,0000-2E4F-3A93E8-006566D1,"https://lighting.ies.org/22UqCM",Completed,Processing completed successfully
"Main Folder/IES Lighting Library/Z_Deprecated Standards Archive","LS-3-20, LIGHTING SCIENCE: PHYSICS AND OPTICS OF RADIANT ENERGY","Version: 1",06/29/2026 19:06:49,,22cde7b7-24b4-4bac-96a0-54d7718c57f4,f7193be9-45a2-4be5-9bb7-e84e14615f32,0000-2E4F-3A93E9-006566D2,"https://lighting.ies.org/eET6K4",Completed,Processing completed successfully
"Main Folder/IES Lighting Library/Z_Deprecated Standards Archive","LS-4-20, LIGHTING SCIENCE: MEASUREMENT OF LIGHT – THE SCIENCE OF PHOTOMETRY","Version: 1",06/29/2026 19:06:50,,22cde7b7-24b4-4bac-96a0-54d7718c57f4,f1602502-adbf-4861-a930-c6c9354c020c,0000-2E4F-3A93EA-006566D3,"https://lighting.ies.org/QhBher",Completed,Processing completed successfully
"Main Folder/IES Lighting Library/Z_Deprecated Standards Archive","LS-6-20, LIGHTING SCIENCE: CALCULATION OF LIGHT AND ITS EFFECTS","Version: 1",06/29/2026 19:06:50,,22cde7b7-24b4-4bac-96a0-54d7718c57f4,17048f0c-5f18-405a-9a9a-61bbd5c9f53d,0000-2E4F-3A93EB-006566D4,"https://lighting.ies.org/8hYPAX",Completed,Processing completed successfully
"Main Folder/IES Lighting Library/Z_Deprecated Standards Archive","RP-11-17, Recommended Practice for Lighting for Interior and Exterior Residential Environments","Version: 1",06/29/2026 19:07:58,,22cde7b7-24b4-4bac-96a0-54d7718c57f4,9c787d6f-aaab-47eb-8e3e-a9b4777f18c1,0000-2E4F-3A93FE-006566E7,"https://lighting.ies.org/PdpxTy",Completed,Processing completed successfully
"Main Folder/IES Lighting Library/Z_Deprecated Standards Archive","RP-1-12, Recommended Practice for Office Lighting","Version: 1",06/29/2026 19:07:10,,22cde7b7-24b4-4bac-96a0-54d7718c57f4,b98935ed-8993-4fa4-98fe-1b0267735aa4,0000-2E4F-3A93F0-006566D9,"https://lighting.ies.org/QT7aZQ",Completed,Processing completed successfully
"Main Folder/IES Lighting Library/Z_Deprecated Standards Archive","RP-11-20+E1, RECOMMENDED PRACTICE: LIGHTING FOR INTERIOR AND EXTERIOR RESIDENTIAL ENVIRONMENTS","Version: 1",06/29/2026 19:08:03,,22cde7b7-24b4-4bac-96a0-54d7718c57f4,2a44b121-57b2-46a2-ab18-a0888015f7d2,0000-2E4F-3A9403-006566EC,"https://lighting.ies.org/3rKhfm",Completed,Processing completed successfully
"Main Folder/IES Lighting Library/Z_Deprecated Standards Archive","RP-1-20, RECOMMENDED PRACTICE: LIGHTING OFFICE SPACES","Version: 1",06/29/2026 19:06:53,,22cde7b7-24b4-4bac-96a0-54d7718c57f4,c4188498-04c2-4c4e-80d3-3e9b91d969cb,0000-2E4F-3A93EC-006566D5,"https://lighting.ies.org/bHe733",Completed,Processing completed successfully
"Main Folder/IES Lighting Library/Z_Deprecated Standards Archive","RP-1-22, RECOMMENDED PRACTICE: LIGHTING OFFICE SPACES","Version: 1",06/29/2026 19:06:56,,22cde7b7-24b4-4bac-96a0-54d7718c57f4,47957c89-2096-43b8-b593-43f33e31d746,0000-2E4F-3A93ED-006566D6,"https://lighting.ies.org/AyA62Q",Completed,Processing completed successfully
"Main Folder/IES Lighting Library/Z_Deprecated Standards Archive","RP-16-05 (R2010), Nomenclature and Definitions for Illuminating Engineering","Version: 1",06/29/2026 19:08:01,,22cde7b7-24b4-4bac-96a0-54d7718c57f4,0207dee0-7f74-4259-a6ac-99c9b1c8c9d6,0000-2E4F-3A9400-006566E9,"https://lighting.ies.org/WZyMeb",Completed,Processing completed successfully
"Main Folder/IES Lighting Library/Z_Deprecated Standards Archive","RP-20-14_REVISED 2016, Lighting for Parking Facilities","Version: 1",06/29/2026 19:08:00,,22cde7b7-24b4-4bac-96a0-54d7718c57f4,03ce128f-6977-402d-a71f-46df089b0d15,0000-2E4F-3A93FF-006566E8,"https://lighting.ies.org/MTqFwD",Completed,Processing completed successfully
"Main Folder/IES Lighting Library/Z_Deprecated Standards Archive","RP-2-17, Recommended Practice for Retail Lighting","Version: 1",06/29/2026 19:07:01,,22cde7b7-24b4-4bac-96a0-54d7718c57f4,9eef33b9-97d4-439d-91c7-d3e49fb89d18,0000-2E4F-3A93EE-006566D7,"https://lighting.ies.org/RfqWd8",Completed,Processing completed successfully
"Main Folder/IES Lighting Library/Z_Deprecated Standards Archive","RP-22-11, American National Standard Practice for Tunnel Lighting","Version: 1",06/29/2026 19:08:02,,22cde7b7-24b4-4bac-96a0-54d7718c57f4,a51e1e35-9b83-4df1-a5d2-8de166906c19,0000-2E4F-3A9402-006566EB,"https://lighting.ies.org/74a9Y4",Completed,Processing completed successfully
"Main Folder/IES Lighting Library/Z_Deprecated Standards Archive","RP-27.1-15, Recommended Practice for Photobiological Safety for Lamps and Lamp Systems – General Requirements","Version: 1",06/29/2026 19:08:02,,22cde7b7-24b4-4bac-96a0-54d7718c57f4,c2be0234-16e8-412d-8aa0-12ac23ef89dd,0000-2E4F-3A9401-006566EA,"https://lighting.ies.org/wPBj8v",Completed,Processing completed successfully
"Main Folder/IES Lighting Library/Z_Deprecated Standards Archive","RP-27.2-00-R17, Recommended Practice for Photobiological Safety for Lamps and Lamp Systems-Measurement Techniques","Version: 1",06/29/2026 19:08:04,,22cde7b7-24b4-4bac-96a0-54d7718c57f4,cf93510d-0c3b-483f-88b8-cb1a78610b33,0000-2E4F-3A9406-006566EF,"https://lighting.ies.org/nzx4PX",Completed,Processing completed successfully
"Main Folder/IES Lighting Library/Z_Deprecated Standards Archive","RP-27.3-07, Recommended Practice for Photobiological Safety for Lamps and Lamp Systems - Risk Group Classification and Labeling","Version: 1",06/29/2026 19:08:03,,22cde7b7-24b4-4bac-96a0-54d7718c57f4,80681d32-ecba-4512-b2ba-4984b51c1e2e,0000-2E4F-3A9404-006566ED,"https://lighting.ies.org/uK9yqC",Completed,Processing completed successfully
"Main Folder/IES Lighting Library/Z_Deprecated Standards Archive","RP-27.3-17, Recommended Practice for Photobiological Safety for Lamps – Risk Group Classification and Labeling Publication of this Recommended Practice has been approved by IES. Suggestions for revisions should be directed to IES. Prepared by:","Version: 1",06/29/2026 19:08:04,,22cde7b7-24b4-4bac-96a0-54d7718c57f4,f9c7f658-80f4-4731-abe7-24bd082b770a,0000-2E4F-3A9405-006566EE,"https://lighting.ies.org/TBZd4R",Completed,Processing completed successfully
"Main Folder/IES Lighting Library/Z_Deprecated Standards Archive","RP-27-20+E1, RECOMMENDED PRACTICE: PHOTOBIOLOGICAL SAFETY FOR LIGHTING SYSTEMS","Version: 1",06/29/2026 19:08:04,,22cde7b7-24b4-4bac-96a0-54d7718c57f4,3c559816-3eb1-4551-830c-31c51553542b,0000-2E4F-3A9407-006566F0,"https://lighting.ies.org/gfa8dT",Completed,Processing completed successfully
"Main Folder/IES Lighting Library/Z_Deprecated Standards Archive","RP-28-16, Lighting and the Visual Environment for Seniors and the Low Vision Population","Version: 1",06/29/2026 19:08:06,,22cde7b7-24b4-4bac-96a0-54d7718c57f4,7b1e2d22-e0ac-41af-8210-92bdf3ce3dbd,0000-2E4F-3A9408-006566F1,"https://lighting.ies.org/DB7u9c",Completed,Processing completed successfully
"Main Folder/IES Lighting Library/Z_Deprecated Standards Archive","RP-28-20+E1, RECOMMENDED PRACTICE: LIGHTING AND THE VISUAL ENVIRONMENT FOR OLDER ADULTS AND THE VISUALLY IMPAIRED","Version: 1",06/29/2026 19:08:19,,22cde7b7-24b4-4bac-96a0-54d7718c57f4,cc45e0a5-bb5b-40de-a47e-e07752ab22e4,0000-2E4F-3A940A-006566F3,"https://lighting.ies.org/VuqJJd",Completed,Processing completed successfully
"Main Folder/IES Lighting Library/Z_Deprecated Standards Archive","RP-29-06, Lighting for Hospitals and Health Care Facilities","Version: 1",06/29/2026 19:08:31,,22cde7b7-24b4-4bac-96a0-54d7718c57f4,e5f71dc2-c482-437e-a26a-1254ea7b4b95,0000-2E4F-3A940D-006566F6,"https://lighting.ies.org/R2Xbez",Completed,Processing completed successfully
"Main Folder/IES Lighting Library/Z_Deprecated Standards Archive","RP-29-16, Lighting for Hospitals and Health Care Facilities","Version: 1",06/29/2026 19:08:17,,22cde7b7-24b4-4bac-96a0-54d7718c57f4,e018becf-cdf5-4ca5-ac2e-c4d82346ba22,0000-2E4F-3A9409-006566F2,"https://lighting.ies.org/yYqPG6",Completed,Processing completed successfully
"Main Folder/IES Lighting Library/Z_Deprecated Standards Archive","RP-29-20+E1, RECOMMENDED PRACTICE: LIGHTING HOSPITAL AND HEALTHCARE FACILITIES","Version: 1",06/29/2026 19:08:26,,22cde7b7-24b4-4bac-96a0-54d7718c57f4,9265913f-889e-4a06-a310-4fe03e5b92dc,0000-2E4F-3A940C-006566F5,"https://lighting.ies.org/aq69Yx",Completed,Processing completed successfully
"Main Folder/IES Lighting Library/Z_Deprecated Standards Archive","RP-30-17, Recommended Practice for Museum Lighting","Version: 1",06/29/2026 19:08:24,,22cde7b7-24b4-4bac-96a0-54d7718c57f4,8423389d-ed9d-493c-88b2-12cebd683887,0000-2E4F-3A940B-006566F4,"https://lighting.ies.org/EgVYJY",Completed,Processing completed successfully
"Main Folder/IES Lighting Library/Z_Deprecated Standards Archive","RP-30-20+E1, RECOMMENDED PRACTICE: LIGHTING MUSEUMS","Version: 1",06/29/2026 19:08:32,,22cde7b7-24b4-4bac-96a0-54d7718c57f4,0a47cb9b-5649-46e1-9736-61a987f6fc6c,0000-2E4F-3A940E-006566F7,"https://lighting.ies.org/WXeKGA",Completed,Processing completed successfully
"Main Folder/IES Lighting Library/Z_Deprecated Standards Archive","RP-30-96 (R2008), Museum and Art Gallery Lighting: A Recommended Practice","Version: 1",06/29/2026 19:08:39,,22cde7b7-24b4-4bac-96a0-54d7718c57f4,270a850a-c6ef-458e-8b96-ee8423faa6dc,0000-2E4F-3A9410-006566F9,"https://lighting.ies.org/aqGFe9",Completed,Processing completed successfully
"Main Folder/IES Lighting Library/Z_Deprecated Standards Archive","RP-31-14, Recommended Practice for the Economic Analysis of Lighting","Version: 1",06/29/2026 19:08:34,,22cde7b7-24b4-4bac-96a0-54d7718c57f4,60f4f3dc-707a-40aa-ae30-e1e2028af02c,0000-2E4F-3A940F-006566F8,"https://lighting.ies.org/gYyF32",Completed,Processing completed successfully
"Main Folder/IES Lighting Library/Z_Deprecated Standards Archive","RP-3-13, American National Standard Practice on Lighting for Educational Facilities","Version: 1",06/29/2026 19:07:27,,22cde7b7-24b4-4bac-96a0-54d7718c57f4,427c7593-053a-43c9-92db-d77a90b501da,0000-2E4F-3A93F3-006566DC,"https://lighting.ies.org/4X8U9R",Completed,Processing completed successfully
"Main Folder/IES Lighting Library/Z_Deprecated Standards Archive","RP-33-14, Lighting for Exterior Environments","Version: 1",06/29/2026 19:08:44,,22cde7b7-24b4-4bac-96a0-54d7718c57f4,b1dd38c2-8813-4129-9ff3-b278a106ef29,0000-2E4F-3A9412-006566FB,"https://lighting.ies.org/ayRAxj",Completed,Processing completed successfully
"Main Folder/IES Lighting Library/Z_Deprecated Standards Archive","RP-36-15, Recommended Practice for Lighting Maintenance","Version: 1",06/29/2026 19:08:43,,22cde7b7-24b4-4bac-96a0-54d7718c57f4,19537738-9902-4c0f-b78e-c286a0d1fb99,0000-2E4F-3A9411-006566FA,"https://lighting.ies.org/2A7gww",Completed,Processing completed successfully
"Main Folder/IES Lighting Library/Z_Deprecated Standards Archive","RP-36-20 +E2, RECOMMENDED PRACTICE: LIGHTING MAINTENANCE","Version: 1",06/29/2026 19:08:45,,22cde7b7-24b4-4bac-96a0-54d7718c57f4,e8d2c208-03c9-4dd3-974f-dc89030a6b7d,0000-2E4F-3A9413-006566FC,"https://lighting.ies.org/xQETWg",Completed,Processing completed successfully
"Main Folder/IES Lighting Library/Z_Deprecated Standards Archive","RP-37-15, Outdoor Lighting for Airport Environments","Version: 1",06/29/2026 19:08:55,,22cde7b7-24b4-4bac-96a0-54d7718c57f4,1ad0fab0-7ac9-4767-93d5-9cb17c5d740a,0000-2E4F-3A9416-006566FF,"https://lighting.ies.org/dmVbmE",Completed,Processing completed successfully
"Main Folder/IES Lighting Library/Z_Deprecated Standards Archive","RP-37-20+E1, RECOMMENDED PRACTICE: LIGHTING AIRPORT OUTDOOR ENVIRONMENTS","Version: 1",06/29/2026 19:08:50,,22cde7b7-24b4-4bac-96a0-54d7718c57f4,067f9a9a-ef60-4b30-af99-8a825363163c,0000-2E4F-3A9414-006566FD,"https://lighting.ies.org/eDfjMW",Completed,Processing completed successfully
"Main Folder/IES Lighting Library/Z_Deprecated Standards Archive","RP-37-22, RECOMMENDED PRACTICE: LIGHTING AIRPORT OUTDOOR ENVIRONMENTS","Version: 1",06/29/2026 19:08:54,,22cde7b7-24b4-4bac-96a0-54d7718c57f4,475497be-cb06-44c1-9810-3b007ede6d53,0000-2E4F-3A9415-006566FE,"https://lighting.ies.org/hCDmUJ",Completed,Processing completed successfully
"Main Folder/IES Lighting Library/Z_Deprecated Standards Archive","RP-38-17, RECOMMENDED PRACTICE: LIGHTING PERFORMANCE FOR SMALL TO MEDIUM SIZED VIDEOCONFERENCING ROOMS","Version: 1",06/29/2026 19:08:57,,22cde7b7-24b4-4bac-96a0-54d7718c57f4,1f18ac6d-ed67-4cb0-abe9-9aa36179948f,0000-2E4F-3A9417-00656700,"https://lighting.ies.org/AcrTbk",Completed,Processing completed successfully
"Main Folder/IES Lighting Library/Z_Deprecated Standards Archive","RP-40-19, RECOMMENDED PRACTICE: LIGHTING PORT TERMINALS","Version: 1",06/29/2026 19:08:57,,22cde7b7-24b4-4bac-96a0-54d7718c57f4,8dab22be-00c0-48e8-b88d-9b7f898d395b,0000-2E4F-3A9418-00656701,"https://lighting.ies.org/GTAZVj",Completed,Processing completed successfully
"Main Folder/IES Lighting Library/Z_Deprecated Standards Archive","RP-4-13, Recommended Practice for Library Lighting","Version: 1",06/29/2026 19:07:32,,22cde7b7-24b4-4bac-96a0-54d7718c57f4,1c34d6d7-a006-449f-8801-2c6d7bf41566,0000-2E4F-3A93F4-006566DD,"https://lighting.ies.org/ea3RVa",Completed,Processing completed successfully
"Main Folder/IES Lighting Library/Z_Deprecated Standards Archive","RP-42-20, RECOMMENDED PRACTICE: DIMMING AND CONTROL METHOD DESIGNATIONS","Version: 1",06/29/2026 19:08:57,,22cde7b7-24b4-4bac-96a0-54d7718c57f4,de9bfce9-e7fe-42ce-a3c5-29d7429fdc88,0000-2E4F-3A9419-00656702,"https://lighting.ies.org/drp4WK",Completed,Processing completed successfully
"Main Folder/IES Lighting Library/Z_Deprecated Standards Archive","RP-43-22, RECOMMENDED PRACTICE: LIGHTING EXTERIOR APPLICATIONS","Version: 1",06/29/2026 19:08:59,,22cde7b7-24b4-4bac-96a0-54d7718c57f4,7212c8b9-4512-4a4a-9e42-b5830e1a1128,0000-2E4F-3A941D-00656706,"https://lighting.ies.org/ujtvBU",Completed,Processing completed successfully
"Main Folder/IES Lighting Library/Z_Deprecated Standards Archive","RP-46-23, RECOMMENDED PRACTICE: SUPPORTING THE PHYSIOLOGICAL AND BEHAVIORAL EFFECTS OF LIGHTING IN INTERIOR DAYTIME ENVIRONMENTS","Version: 1",06/29/2026 19:08:58,,22cde7b7-24b4-4bac-96a0-54d7718c57f4,5ecd9311-ed2a-4141-bb7f-2244f3eac1d9,0000-2E4F-3A941A-00656703,"https://lighting.ies.org/6akeeM",Completed,Processing completed successfully
"Main Folder/IES Lighting Library/Z_Deprecated Standards Archive","RP-5-13, Recommended Practice for Daylighting Buildings","Version: 1",06/29/2026 19:07:13,,22cde7b7-24b4-4bac-96a0-54d7718c57f4,0f95c490-1af8-476c-87bf-f027481d85d7,0000-2E4F-3A93F1-006566DA,"https://lighting.ies.org/jnDzDE",Completed,Processing completed successfully
"Main Folder/IES Lighting Library/Z_Deprecated Standards Archive","RP-6-15, Sports and Recreational Area Lighting","Version: 1",06/29/2026 19:07:26,,22cde7b7-24b4-4bac-96a0-54d7718c57f4,26078962-f0bd-4b6b-8e33-a1812ac01c1d,0000-2E4F-3A93F2-006566DB,"https://lighting.ies.org/zCvCec",Completed,Processing completed successfully
"Main Folder/IES Lighting Library/Z_Deprecated Standards Archive","RP-6-20, RECOMMENDED PRACTICE: LIGHTING SPORTS AND RECREATIONAL AREAS","Version: 1",06/29/2026 19:07:35,,22cde7b7-24b4-4bac-96a0-54d7718c57f4,2fa58507-d337-4162-8ce5-2eb39a7cd3a5,0000-2E4F-3A93F6-006566DF,"https://lighting.ies.org/4BzRfC",Completed,Processing completed successfully
"Main Folder/IES Lighting Library/Z_Deprecated Standards Archive","RP-6-22, RECOMMENDED PRACTICE: LIGHTING SPORTS AND RECREATIONAL AREAS","Version: 1",06/29/2026 19:07:35,,22cde7b7-24b4-4bac-96a0-54d7718c57f4,f207356e-e718-4b59-ac2f-d66c7616da66,0000-2E4F-3A93F5-006566DE,"https://lighting.ies.org/2CqnZw",Completed,Processing completed successfully
"Main Folder/IES Lighting Library/Z_Deprecated Standards Archive","RP-7-17, Recommended Practice for Lighting Industrial Facilities","Version: 1",06/29/2026 19:07:40,,22cde7b7-24b4-4bac-96a0-54d7718c57f4,c42b3282-823f-431b-a62f-a45dacc5e1aa,0000-2E4F-3A93F7-006566E0,"https://lighting.ies.org/nycyuk",Completed,Processing completed successfully
"Main Folder/IES Lighting Library/Z_Deprecated Standards Archive","RP-7-20, RECOMMENDED PRACTICE: LIGHTING INDUSTRIAL FACILITIES","Version: 1",06/29/2026 19:07:40,,22cde7b7-24b4-4bac-96a0-54d7718c57f4,b7b581ea-89cd-428e-b39a-114bf1a2a718,0000-2E4F-3A93F8-006566E1,"https://lighting.ies.org/xnU2dF",Completed,Processing completed successfully
"Main Folder/IES Lighting Library/Z_Deprecated Standards Archive","RP-8-14, Roadway Lighting","Version: 1",06/29/2026 19:07:40,,22cde7b7-24b4-4bac-96a0-54d7718c57f4,5371f6ba-260b-4ea9-b82a-3e2dceb20492,0000-2E4F-3A93F9-006566E2,"https://lighting.ies.org/eMRZTm",Completed,Processing completed successfully
"Main Folder/IES Lighting Library/Z_Deprecated Standards Archive","RP-8-18, Recommended Practice for Lighting Roadway and Parking Facilities","Version: 1",06/29/2026 19:07:48,,22cde7b7-24b4-4bac-96a0-54d7718c57f4,1770ec4f-efbd-4c60-8298-e9161198b5b0,0000-2E4F-3A93FA-006566E3,"https://lighting.ies.org/ETdfvN",Completed,Processing completed successfully
"Main Folder/IES Lighting Library/Z_Deprecated Standards Archive","RP-8-21, Recommended Practice: Lighting Roadway and Parking Facilities","Version: 1",06/29/2026 19:07:55,,22cde7b7-24b4-4bac-96a0-54d7718c57f4,92df4bf6-10a1-4459-a228-9513d4f6a0fd,0000-2E4F-3A93FB-006566E4,"https://lighting.ies.org/wTR6W3",Completed,Processing completed successfully
"Main Folder/IES Lighting Library/Z_Deprecated Standards Archive","RP-8-22, RECOMMENDED PRACTICE: LIGHTING ROADWAY AND PARKING FACILITIES","Version: 1",06/29/2026 19:07:57,,22cde7b7-24b4-4bac-96a0-54d7718c57f4,c1c3d8c4-5da6-43ed-9c7e-1d120a7f9d41,0000-2E4F-3A93FD-006566E6,"https://lighting.ies.org/3Fedak",Completed,Processing completed successfully
"Main Folder/IES Lighting Library/Z_Deprecated Standards Archive","RP-9-20, RECOMMENDED PRACTICE: LIGHTING HOSPITALITY SPACES","Version: 1",06/29/2026 19:07:56,,22cde7b7-24b4-4bac-96a0-54d7718c57f4,5615e2c3-d7e4-4b43-a071-ebc9a9dffeda,0000-2E4F-3A93FC-006566E5,"https://lighting.ies.org/umU9Rx",Completed,Processing completed successfully
"Main Folder/IES Lighting Library/Z_Deprecated Standards Archive","TM-10-00, Technical Memorandum Addressing Obtrusive Light (Urban Sky Glow and Light Trespass) In Conjunctions with Roadway Lighting","Version: 1",06/29/2026 19:08:59,,22cde7b7-24b4-4bac-96a0-54d7718c57f4,797c93e0-b7dd-4f64-be7e-205ef1a2d8a2,0000-2E4F-3A941C-00656705,"https://lighting.ies.org/uETCxZ",Completed,Processing completed successfully
"Main Folder/IES Lighting Library/Z_Deprecated Standards Archive","TM-11-00, Technical Memorandum on Light Trespass: Research, Results and Recommendations","Version: 1",06/29/2026 19:09:00,,22cde7b7-24b4-4bac-96a0-54d7718c57f4,c359c3c1-eb60-4821-8742-85297a5f26de,0000-2E4F-3A941E-00656707,"https://lighting.ies.org/zWZrjF",Completed,Processing completed successfully
"Main Folder/IES Lighting Library/Z_Deprecated Standards Archive","TM-1-12, The Five Lighting Metrics","Version: 1",06/29/2026 19:08:59,,22cde7b7-24b4-4bac-96a0-54d7718c57f4,71fbb14d-b203-45e5-a27e-981e281acea2,0000-2E4F-3A941B-00656704,"https://lighting.ies.org/vf2rCK",Completed,Processing completed successfully
"Main Folder/IES Lighting Library/Z_Deprecated Standards Archive","TM-12-06, Spectral Effects of Lighting on Visual Performance at Mesopic Light Levels","Version: 1",06/29/2026 19:09:00,,22cde7b7-24b4-4bac-96a0-54d7718c57f4,334c3319-8b83-4e2d-9227-dd87ba67c16b,0000-2E4F-3A941F-00656708,"https://lighting.ies.org/GBc6ex",Completed,Processing completed successfully
"Main Folder/IES Lighting Library/Z_Deprecated Standards Archive","TM-12-12, Spectral Effects of Lighting on Visual Performance at Mesopic Lighting Levels","Version: 1",06/29/2026 19:09:01,,22cde7b7-24b4-4bac-96a0-54d7718c57f4,cea3ab28-d31d-40fc-8f85-50e19a86dd99,0000-2E4F-3A9420-00656709,"https://lighting.ies.org/a2DNPK",Completed,Processing completed successfully
"Main Folder/IES Lighting Library/Z_Deprecated Standards Archive","TM-15-11, Luminaire Classification System for Outdoor Luminaires","Version: 1",06/29/2026 19:09:02,,22cde7b7-24b4-4bac-96a0-54d7718c57f4,6240cb8f-4769-4e3b-a40d-308230a0dceb,0000-2E4F-3A9421-0065670A,"https://lighting.ies.org/7dFRAy",Completed,Processing completed successfully
"Main Folder/IES Lighting Library/Z_Deprecated Standards Archive","TM-15-20, TECHNICAL MEMORANDUM: LUMINAIRE CLASSIFICATION SYSTEM FOR OUTDOOR LUMINAIRES","Version: 1",06/29/2026 19:09:02,,22cde7b7-24b4-4bac-96a0-54d7718c57f4,6597d13b-c22f-4753-9209-fead6d345fa9,0000-2E4F-3A9422-0065670B,"https://lighting.ies.org/RDzwNh",Completed,Processing completed successfully
"Main Folder/IES Lighting Library/Z_Deprecated Standards Archive","TM-16-17, Solid State Lighting Sources and Systems","Version: 1",06/29/2026 19:09:03,,22cde7b7-24b4-4bac-96a0-54d7718c57f4,c68e6154-dee5-4c0f-b9a5-b83376e0c4a6,0000-2E4F-3A9423-0065670C,"https://lighting.ies.org/6vFZNy",Completed,Processing completed successfully
"Main Folder/IES Lighting Library/Z_Deprecated Standards Archive","TM-18-08, Light and Human Health: An Overview of the Impact of Optical Radiation on Visual, Circadian, Neuroendocrine, and Neurobehavioral Responses","Version: 1",06/29/2026 19:09:03,,22cde7b7-24b4-4bac-96a0-54d7718c57f4,327aaa08-959c-4049-aa33-e7a4839bb7c8,0000-2E4F-3A9424-0065670D,"https://lighting.ies.org/CJtNQM",Completed,Processing completed successfully
"Main Folder/IES Lighting Library/Z_Deprecated Standards Archive","TM-19-17, Procedure for Presentation and Verification of Roadway Luminaire Photometric Data","Version: 1",06/29/2026 19:09:04,,22cde7b7-24b4-4bac-96a0-54d7718c57f4,64eb11e6-273d-49f2-b9fe-d02e7654a096,0000-2E4F-3A9425-0065670E,"https://lighting.ies.org/rrRAJA",Completed,Processing completed successfully
"Main Folder/IES Lighting Library/Z_Deprecated Standards Archive","TM-21-11, Projecting Long Term Lumen Maintenance of LED Light Sources","Version: 1",06/29/2026 19:09:04,,22cde7b7-24b4-4bac-96a0-54d7718c57f4,206c4674-7a45-454a-b1e1-50c1d282dc36,0000-2E4F-3A9426-0065670F,"https://lighting.ies.org/bAXFjj",Completed,Processing completed successfully
"Main Folder/IES Lighting Library/Z_Deprecated Standards Archive","TM-21-19, TECHNICAL MEMORANDUM: PROJECTING LONG-TERM LUMEN, PHOTON, AND RADIANT FLUX MAINTENANCE OF LED LIGHT SOURCES","Version: 1",06/29/2026 19:09:06,,22cde7b7-24b4-4bac-96a0-54d7718c57f4,0e495ddb-e791-469a-813b-1d4515c80a6b,0000-2E4F-3A9429-00656712,"https://lighting.ies.org/rccDaC",Completed,Processing completed successfully
"Main Folder/IES Lighting Library/Z_Deprecated Standards Archive","TM-23-11, Lighting Control Protocols Publication of this Technical Memorandum has been approved by the IES. Suggestions for revisions should be directed to the IES. Prepared by:","Version: 1",06/29/2026 19:09:05,,22cde7b7-24b4-4bac-96a0-54d7718c57f4,35fa4bc0-9da2-49c4-b7a7-6178a963270b,0000-2E4F-3A9427-00656710,"https://lighting.ies.org/3ku8mn",Completed,Processing completed successfully
"Main Folder/IES Lighting Library/Z_Deprecated Standards Archive","TM-23-17, Lighting Control Protocols","Version: 1",06/29/2026 19:09:06,,22cde7b7-24b4-4bac-96a0-54d7718c57f4,8ab9aabd-bb19-49b2-85c1-2ea3b7b3c365,0000-2E4F-3A9428-00656711,"https://lighting.ies.org/Uf8E9q",Completed,Processing completed successfully
"Main Folder/IES Lighting Library/Z_Deprecated Standards Archive","TM-24-13, An Optional Method for Adjusting the Recommended Illuminance for Visually Demanding Tasks Within IES Illuminance Categories P through Y Based on Light Source Spectrum","Version: 1",06/29/2026 19:09:09,,22cde7b7-24b4-4bac-96a0-54d7718c57f4,c5aa71b2-5e03-4ba4-9d1c-a7cb0e62186d,0000-2E4F-3A942E-00656717,"https://lighting.ies.org/WQfyCZ",Completed,Processing completed successfully
"Main Folder/IES Lighting Library/Z_Deprecated Standards Archive","TM-25-13, Ray File Format for the Description of the Emission Property of Light Sources","Version: 1",06/29/2026 19:09:07,,22cde7b7-24b4-4bac-96a0-54d7718c57f4,21c19426-d738-4463-9a56-aebf6a6dade4,0000-2E4F-3A942A-00656713,"https://lighting.ies.org/XHyzEP",Completed,Processing completed successfully
"Main Folder/IES Lighting Library/Z_Deprecated Standards Archive","TM-25-20, TECHNICAL MEMORANDUM: RAY FILE FORMAT FOR DESCRIPTION OF THE EMISSION PROPERTIES OF LIGHT SOURCES","Version: 1",06/29/2026 19:09:07,,22cde7b7-24b4-4bac-96a0-54d7718c57f4,a91b275b-afcd-4d41-b8ea-f2c6ef9aa63f,0000-2E4F-3A942B-00656714,"https://lighting.ies.org/kX7Q8J",Completed,Processing completed successfully
"Main Folder/IES Lighting Library/Z_Deprecated Standards Archive","TM-26-15, Methods for Projecting Catastrophic Failure Rate of LED Packages","Version: 1",06/29/2026 19:09:08,,22cde7b7-24b4-4bac-96a0-54d7718c57f4,265978ad-afef-4533-9fa6-630ed46800bb,0000-2E4F-3A942C-00656715,"https://lighting.ies.org/XmEmkV",Completed,Processing completed successfully
"Main Folder/IES Lighting Library/Z_Deprecated Standards Archive","TM-26-20, APPROVED METHOD: PROJECTING CATASTROPHIC FAILURE OF LED PACKAGES","Version: 1",06/29/2026 19:09:08,,22cde7b7-24b4-4bac-96a0-54d7718c57f4,7f957686-4e1d-4f30-907e-4feee229539d,0000-2E4F-3A942D-00656716,"https://lighting.ies.org/zDeT9T",Completed,Processing completed successfully
"Main Folder/IES Lighting Library/Z_Deprecated Standards Archive","TM-27-14, Standard Format for the Electronic Transfer of Spectral Data","Version: 1",06/29/2026 19:09:09,,22cde7b7-24b4-4bac-96a0-54d7718c57f4,a74e1f41-feca-4d5d-ade3-108a525664b5,0000-2E4F-3A942F-00656718,"https://lighting.ies.org/4Kern9",Completed,Processing completed successfully
"Main Folder/IES Lighting Library/Z_Deprecated Standards Archive","TM-28-14, Projecting Long-Term Luminous Flux Maintenance of LED Lamps and Luminaires","Version: 1",06/29/2026 19:09:09,,22cde7b7-24b4-4bac-96a0-54d7718c57f4,674f6010-baf7-4b9c-b31f-1d4af26bdef2,0000-2E4F-3A9430-00656719,"https://lighting.ies.org/uqm7WV",Completed,Processing completed successfully
"Main Folder/IES Lighting Library/Z_Deprecated Standards Archive","TM-30-18, Method for Evaluating Light Source Color Rendition","Version: 1",06/29/2026 19:09:11,,22cde7b7-24b4-4bac-96a0-54d7718c57f4,684bcc32-7e53-4738-8d7c-1bab0ecf7149,0000-2E4F-3A9431-0065671A,"https://lighting.ies.org/ZPY37J",Completed,Processing completed successfully
"Main Folder/IES Lighting Library/Z_Deprecated Standards Archive","TM-30-20, METHOD FOR EVALUATING LIGHT SOURCE COLOR RENDITION","Version: 1",06/29/2026 19:09:14,,22cde7b7-24b4-4bac-96a0-54d7718c57f4,18df0c55-9a1f-442e-9349-dfecb15f72d2,0000-2E4F-3A9437-00656720,"https://lighting.ies.org/zTxGfz",Completed,Processing completed successfully
"Main Folder/IES Lighting Library/Z_Deprecated Standards Archive","TM-31-17, Technical Memorandum on Measurement Uncertainty for Lighting Equipment Calibration Using Integrating Spheres","Version: 1",06/29/2026 19:09:11,,22cde7b7-24b4-4bac-96a0-54d7718c57f4,97b20ad9-330a-49c4-9a15-b13756a876a0,0000-2E4F-3A9433-0065671C,"https://lighting.ies.org/G7hhXJ",Completed,Processing completed successfully
"Main Folder/IES Lighting Library/Z_Deprecated Standards Archive","TM-32-19, LIGHTING PARAMETERS FOR BUILDING INFORMATION MODELING","Version: 1",06/29/2026 19:09:11,,22cde7b7-24b4-4bac-96a0-54d7718c57f4,8e6fd57f-9c65-4053-8242-59eb50af7201,0000-2E4F-3A9432-0065671B,"https://lighting.ies.org/tW7KgZ",Completed,Processing completed successfully
"Main Folder/IES Lighting Library/Z_Deprecated Standards Archive","TM-33-18, STANDARD FORMAT FOR THE ELECTRONIC TRANSFER OF LUMINAIRE OPTICAL DATA","Version: 1",06/29/2026 19:09:12,,22cde7b7-24b4-4bac-96a0-54d7718c57f4,4717dec0-9ffa-4b6b-ad07-96be0147bf38,0000-2E4F-3A9434-0065671D,"https://lighting.ies.org/EpawkX",Completed,Processing completed successfully
"Main Folder/IES Lighting Library/Lighting Practice","G-1-22, Guide for Security Lighting for People, Property, and Critical Infrastructure","Version: 1",06/29/2026 18:39:05,"50ddba77-4972-496f-82b7-486a5df951af",2c056713-b0e9-4e7a-9520-ea2fc1574402,98173938-2bfc-4745-8f4a-11d3da2aa8e4,0000-2E4F-3A9362-0065664B,"https://lighting.ies.org/2H4QTw",Completed,Processing completed successfully
"Main Folder/IES Lighting Library/Lighting Practice","LM-63-19R25, Approved Method: IES Standard File Format for the Electronic Transfer of Photometric Data and Related Information","Version: 1",06/29/2026 18:39:03,"3ffb901c-4d3a-4404-bce0-d3ce87ef662d",2c056713-b0e9-4e7a-9520-ea2fc1574402,6c182c06-178d-4099-a084-809fd0c7a63a,0000-2E4F-3A9361-0065664A,"https://lighting.ies.org/fbdFVx",Completed,Processing completed successfully
"Main Folder/IES Lighting Library/Lighting Practice","LM-83-23, Approved Method: IES Spatial Daylight Autonomy (sDA) and Annual Sunlight Exposure (ASE)","Version: 1",06/29/2026 18:39:03,"90c1ec1a-6781-4904-b225-1f59abb823b5",2c056713-b0e9-4e7a-9520-ea2fc1574402,411ab082-45dd-4d7b-9615-e119da93c188,0000-2E4F-3A9360-00656649,"https://lighting.ies.org/jxWVgh",Completed,Processing completed successfully
"Main Folder/IES Lighting Library/Lighting Practice","LP-10-20, Lighting Practice: Sustainable Lighting - An Introduction to the Environmental Impacts of Lighting","Version: 1",06/29/2026 18:39:26,,2c056713-b0e9-4e7a-9520-ea2fc1574402,89c8b670-0b99-4cf4-a3ba-45860d4eef72,0000-2E4F-3A936B-00656654,"https://lighting.ies.org/XHwAwM",Completed,Processing completed successfully
"Main Folder/IES Lighting Library/Lighting Practice","LP-11-20, Lighting Practice: Environmental Considerations for Outdoor Lighting","Version: 1",06/29/2026 18:38:55,"68fe8573-371f-4791-8f3d-edfab8e6a4de",2c056713-b0e9-4e7a-9520-ea2fc1574402,41be4cdc-3646-474a-89d8-8e5cdb8b224b,0000-2E4F-3A9357-00656640,"https://lighting.ies.org/qyymMB",Completed,Processing completed successfully
"Main Folder/IES Lighting Library/Lighting Practice","LP-12-21, Lighting Practice: IOT Connected Lighting","Version: 1",06/29/2026 18:38:59,,2c056713-b0e9-4e7a-9520-ea2fc1574402,5c9720a1-c1cb-4d4d-8f54-551206d1f3f5,0000-2E4F-3A9359-00656642,"https://lighting.ies.org/CWEJpx",Completed,Processing completed successfully
"Main Folder/IES Lighting Library/Lighting Practice","LP-1-24, Lighting Practice: Designing Quality Lighting for People and Buildings","Version: 1",06/29/2026 18:39:20,"c63c3105-8b2e-487e-b5d8-28561cc2dfca",2c056713-b0e9-4e7a-9520-ea2fc1574402,ef4f77ae-8514-4072-b8b4-b3f8830dd558,0000-2E4F-3A9366-0065664F,"https://lighting.ies.org/JgwWTE",Completed,Processing completed successfully
"Main Folder/IES Lighting Library/Lighting Practice","LP-13-21, Introduction to Resilient Lighting Systems","Version: 1",06/29/2026 18:38:54,"c6c9f5f6-1833-4ceb-b76b-fd45d1c0284e",2c056713-b0e9-4e7a-9520-ea2fc1574402,b17e53df-943e-48ef-822f-df512e5fd339,0000-2E4F-3A9355-0065663E,"https://lighting.ies.org/DqCGwg",Completed,Processing completed successfully
"Main Folder/IES Lighting Library/Lighting Practice","LP-16-22, Documenting Control Intent Narratives and Sequences of Operations","Version: 1",06/29/2026 18:38:54,"444376be-4c52-49de-90a8-c9db8c644599",2c056713-b0e9-4e7a-9520-ea2fc1574402,afedb06f-bcfc-4ac0-8a76-2edf02ccebbd,0000-2E4F-3A9356-0065663F,"https://lighting.ies.org/Q2nB6g",Completed,Processing completed successfully
"Main Folder/IES Lighting Library/Lighting Practice","LP-2-20, Lighting Practice: Designing Quality Lighting for People in Outdoor Environments","Version: 1",06/29/2026 18:39:09,"a92b2979-ea96-4715-a8ad-b2218340560c",2c056713-b0e9-4e7a-9520-ea2fc1574402,d42fb781-4254-415b-bd23-5fd4318ca945,0000-2E4F-3A9363-0065664C,"https://lighting.ies.org/pVCrCN",Completed,Processing completed successfully
"Main Folder/IES Lighting Library/Lighting Practice","LP-30-26, Lighting Practice: A Comprehensive Guide to Specifying Color Rendition — Concepts, Criteria, and Implementation","Version: 1",06/29/2026 18:38:57,"f065225c-6768-4de9-97ed-85b6c695d7ad",2c056713-b0e9-4e7a-9520-ea2fc1574402,fb75be12-c10c-4175-b93e-029452bc1ca2,0000-2E4F-3A9358-00656641,"https://lighting.ies.org/48XXVy",Completed,Processing completed successfully
"Main Folder/IES Lighting Library/Lighting Practice","LP-3-20+E1, Designing and Specifying Daylighting for Buildings","Version: 1",06/29/2026 18:39:23,"d46a4b37-29c0-4ad3-9280-e09cab7c902a",2c056713-b0e9-4e7a-9520-ea2fc1574402,245af4ea-e14f-4576-8b54-d676fdc87176,0000-2E4F-3A9368-00656651,"https://lighting.ies.org/MX3QGZ",Completed,Processing completed successfully
"Main Folder/IES Lighting Library/Lighting Practice","LP-4-20, Electric Light Sources – Properties, Selection, and Specification","Version: 1",06/29/2026 18:39:14,"5566c64c-0dd6-41ac-974e-7cd8094ccd88",2c056713-b0e9-4e7a-9520-ea2fc1574402,4a669455-fb85-4555-8607-083ca2c5a435,0000-2E4F-3A9364-0065664D,"https://lighting.ies.org/QmFXC9",Completed,Processing completed successfully
"Main Folder/IES Lighting Library/Lighting Practice","LP-6-25, Lighting Practice: Lighting Control Systems – Properties, Selection, and Specification","Version: 1",06/29/2026 18:39:18,"a816d381-c8c4-4438-9580-5324ef4a0cca",2c056713-b0e9-4e7a-9520-ea2fc1574402,974a62b9-83d0-4a66-adfd-f609b87b96a6,0000-2E4F-3A9365-0065664E,"https://lighting.ies.org/zNQbw3",Completed,Processing completed successfully
"Main Folder/IES Lighting Library/Lighting Practice","LP-7-20, Lighting Practice: The Lighting Design and Construction Process","Version: 1",06/29/2026 18:39:21,,2c056713-b0e9-4e7a-9520-ea2fc1574402,a19bc848-e7fc-4113-b961-e2f9ea7bcab1,0000-2E4F-3A9367-00656650,"https://lighting.ies.org/9uKqhx",Completed,Processing completed successfully
"Main Folder/IES Lighting Library/Lighting Practice","LP-8-20, The Commissioning Process Applied to Lighting and Control Systems","Version: 1",06/29/2026 18:39:25,"e04d34dc-8293-4c46-9c05-3d721f4622c6",2c056713-b0e9-4e7a-9520-ea2fc1574402,832450c5-508d-43ea-ade7-010bbd43f690,0000-2E4F-3A9369-00656652,"https://lighting.ies.org/2KBkck",Completed,Processing completed successfully
"Main Folder/IES Lighting Library/Lighting Practice","LP-9-25, Lighting Practice: Upgrading Lighting Systems in Nonresidential Spaces","Version: 1",06/29/2026 18:39:25,"7a07a248-0f07-42f6-b452-56ca9f8910a2",2c056713-b0e9-4e7a-9520-ea2fc1574402,19d04742-f2ef-4f66-8bb0-7ff6c38bc6a0,0000-2E4F-3A936A-00656653,"https://lighting.ies.org/6NPtRm",Completed,Processing completed successfully
"Main Folder/IES Lighting Library/Lighting Practice","RP-31-20, Economic Analysis of Lighting","Version: 1",06/29/2026 18:38:59,"fae677f9-a9aa-4f9a-8dce-643ff8b0f07a",2c056713-b0e9-4e7a-9520-ea2fc1574402,d205a6be-04ef-4a32-ab25-230e1be642d3,0000-2E4F-3A935A-00656643,"https://lighting.ies.org/vQCjzK",Completed,Processing completed successfully
"Main Folder/IES Lighting Library/Lighting Practice","RP-36-24, Recommended Practice: Lighting Maintenance","Version: 1",06/29/2026 18:38:59,"c795792b-85ae-4e00-a23a-632f7629cfda",2c056713-b0e9-4e7a-9520-ea2fc1574402,afb7cb4e-0adb-4036-a5d0-84fd45d0e694,0000-2E4F-3A935C-00656645,"https://lighting.ies.org/vXbRWr",Completed,Processing completed successfully
"Main Folder/IES Lighting Library/Lighting Practice","TM-25-20(R2025), Technical Memorandum: Ray File Format for the Description of the Emission Properties of Light Sources","Version: 1",06/29/2026 18:38:59,"39c7679b-89e3-47e1-9375-943c1e2495c1",2c056713-b0e9-4e7a-9520-ea2fc1574402,3faca2b2-1b7e-4364-b610-1a04640dffed,0000-2E4F-3A935B-00656644,"https://lighting.ies.org/qHR63B",Completed,Processing completed successfully
"Main Folder/IES Lighting Library/Lighting Practice","TM-27-20 + E1, IES Standard Format for the Electronic Transfer of Spectral Data","Version: 1",06/29/2026 18:39:02,"a67a8688-fdd2-4c76-9666-90c4b2cc455d",2c056713-b0e9-4e7a-9520-ea2fc1574402,79848c4c-f234-4563-8eea-e67b6c57151c,0000-2E4F-3A935E-00656647,"https://lighting.ies.org/ME68Br",Completed,Processing completed successfully
"Main Folder/IES Lighting Library/Lighting Practice","TM-32-24, Technical Memorandum: Lighting Parameters for Building Information Modeling","Version: 1",06/29/2026 18:39:02,"ce952b6c-775a-47cb-bb4e-22d4b63f486b",2c056713-b0e9-4e7a-9520-ea2fc1574402,3d3bf15f-3ce0-45af-8c81-c63f87d5db15,0000-2E4F-3A935D-00656646,"https://lighting.ies.org/4j7CUN",Completed,Processing completed successfully
"Main Folder/IES Lighting Library/Lighting Practice","TM-33-23, Technical Memorandum: Standard Format for the Electronic Transfer of Luminaire Optical Data","Version: 1",06/29/2026 18:39:02,"ab3dfd0d-c0af-4d2f-9af3-56d11605acd5",2c056713-b0e9-4e7a-9520-ea2fc1574402,743a03dc-1e22-4241-805d-e968c34acf38,0000-2E4F-3A935F-00656648,"https://lighting.ies.org/tfYP2M",Completed,Processing completed successfully
"Main Folder/IES Lighting Library/Roadway and Parking Facilities","RP-8-25 + E2, Recommended Practice: Lighting Roadway and Parking Facilities","Version: 1",06/29/2026 18:44:26,"36f9259c-0555-4c80-a572-e85b5286fd89",43abc5d3-e207-4042-b91f-0ced8eaca7ff,37b4e3ea-6ea6-401c-89c9-0351c944f5bf,0000-2E4F-3A9396-0065667F,"https://lighting.ies.org/yWVuwU",Completed,Processing completed successfully
"Main Folder/IES Lighting Library/Lighting Science","LS-2-20R2023, Lighting Science: Concepts and Language of Lighting","Version: 1",06/29/2026 18:40:03,"e92133e8-ccca-4a84-bbdd-22508421b56d",6366126e-36c2-4565-9103-e529c477400a,cc121d03-5c4a-4c39-9d6f-cff5dc01d6a7,0000-2E4F-3A937A-00656663,"https://lighting.ies.org/duEUf7",Completed,Processing completed successfully
"Main Folder/IES Lighting Library/Lighting Science","LS-3-20 (R2023), Lighting Science: Physics and Optics of Radiant Power","Version: 1",06/29/2026 18:40:04,"2c480e0c-e552-41bb-bf74-3a8a2c58a192",6366126e-36c2-4565-9103-e529c477400a,02ad0e26-3085-454f-9419-3651b01e1dec,0000-2E4F-3A937D-00656666,"https://lighting.ies.org/BKWvZy",Completed,Processing completed successfully
"Main Folder/IES Lighting Library/Lighting Science","LS-4-20 (R2023) +E1, Lighting Science: Measurement of Light – The Science of Photometry","Version: 1",06/29/2026 18:40:04,"f29baa26-f68e-4e27-9e1a-69c6326706b6",6366126e-36c2-4565-9103-e529c477400a,867f7003-a270-4efd-8468-a0039f8c68f8,0000-2E4F-3A937C-00656665,"https://lighting.ies.org/RpfGFn",Completed,Processing completed successfully
"Main Folder/IES Lighting Library/Lighting Science","LS-5-25, Lighting Science: Color","Version: 1",06/29/2026 18:40:04,"16c4b607-9b2a-4d84-9af0-7370d0fc11e3",6366126e-36c2-4565-9103-e529c477400a,cab55dfd-0892-42b4-9540-bd2cff240c0d,0000-2E4F-3A937E-00656667,"https://lighting.ies.org/haAa4a",Completed,Processing completed successfully
"Main Folder/IES Lighting Library/Lighting Science","LS-6-20+E1 (R2025), Lighting Science: Calculation of Light and Its Effects","Version: 1",06/29/2026 18:39:58,"7bd036b8-d26b-4129-ae03-851368805042",6366126e-36c2-4565-9103-e529c477400a,2c0bae19-96de-4466-b9e2-eae7fd86e433,0000-2E4F-3A936C-00656655,"https://lighting.ies.org/hvH4yD",Completed,Processing completed successfully
"Main Folder/IES Lighting Library/Lighting Science","LS-7-20, Vision – Eye and Brain","Version: 1",06/29/2026 18:39:59,"d0ae58d5-e788-46c3-8c95-0ab3222140a1",6366126e-36c2-4565-9103-e529c477400a,55e6cc27-6fff-4a4e-9baf-83364c24b383,0000-2E4F-3A936D-00656656,"https://lighting.ies.org/m7jUg3",Completed,Processing completed successfully
"Main Folder/IES Lighting Library/Lighting Science","LS-8-25, Lighting Science: Vision – Perception and Performance","Version: 1",06/29/2026 18:39:59,"bab9635c-4214-4be9-9187-9a0b2b67ae91",6366126e-36c2-4565-9103-e529c477400a,0dbf2b2d-f112-458d-9aa7-3879bc14e868,0000-2E4F-3A936E-00656657,"https://lighting.ies.org/tzAY3q",Completed,Processing completed successfully
"Main Folder/IES Lighting Library/Lighting Science","RP-27.1-22, Risk Group Classification and Minimization of Photobiological Hazards From Ultraviolet Lamps and Lamp Systems","Version: 1",06/29/2026 18:39:59,"2e60b925-2796-42d4-946f-2af302a6bcda",6366126e-36c2-4565-9103-e529c477400a,5933bb46-f2a5-4f0b-82dd-a88474094bf2,0000-2E4F-3A936F-00656658,"https://lighting.ies.org/JghMmh",Completed,Processing completed successfully
"Main Folder/IES Lighting Library/Lighting Science","RP-27-20+E1, Photobiological Safety for Lighting Systems","Version: 1",06/29/2026 18:39:59,"905b7d84-b38f-49bb-a302-248d4acc6f4c",6366126e-36c2-4565-9103-e529c477400a,469365ad-c4af-40ec-aa12-9291ec16f539,0000-2E4F-3A9370-00656659,"https://lighting.ies.org/7jbkB4",Completed,Processing completed successfully
"Main Folder/IES Lighting Library/Lighting Science","TM-18-18, Light and Human Health: An Overview of the Impact of Optical Radiation on Visual, Circadian, Neuroendocrine, and Neurobehavioral Responses","Version: 1",06/29/2026 18:40:00,"788294ee-a325-46ce-9980-dd7f56dfe2cb",6366126e-36c2-4565-9103-e529c477400a,e54305f9-8318-4ad5-b30b-daf9c1e04e7a,0000-2E4F-3A9371-0065665A,"https://lighting.ies.org/RZbgzh",Completed,Processing completed successfully
"Main Folder/IES Lighting Library/Lighting Science","TM-24-20, Technical Memorandum: An Optional Method for Adjusting the Recommended Illuminance for Visually Demanding Tasks within IES Illuminance Categories P through Y Based on Light Source Spectrum","Version: 1",06/29/2026 18:40:00,"f7354221-b44e-49e5-9e71-60ffbc1f92d7",6366126e-36c2-4565-9103-e529c477400a,57fb969a-2890-4cf4-9bfe-61fc70fb3f19,0000-2E4F-3A9372-0065665B,"https://lighting.ies.org/rTKrhy",Completed,Processing completed successfully
"Main Folder/IES Lighting Library/Lighting Science","TM-30-24, Technical Memorandum: IES Method for Evaluating Light Source Color Rendition","Version: 1",06/29/2026 18:40:02,"ac722964-543e-4cf7-bd52-3a2f7ac54be1",6366126e-36c2-4565-9103-e529c477400a,3e1adfd1-7f4f-4f55-8c42-8b552e59ea36,0000-2E4F-3A9378-00656661,"https://lighting.ies.org/4vgUQz",Completed,Processing completed successfully
"Main Folder/IES Lighting Library/Lighting Science","TM-34-19, Calculation Procedures and Specification Criteria for Lighting Calculations","Version: 1",06/29/2026 18:40:00,"31bc8459-fde4-420d-9e0a-05b8166a0835",6366126e-36c2-4565-9103-e529c477400a,a9e77e2b-37ca-4193-8380-410a76e01cbc,0000-2E4F-3A9373-0065665C,"https://lighting.ies.org/NeaHDA",Completed,Processing completed successfully
"Main Folder/IES Lighting Library/Lighting Science","TM-37-22, Technical Memorandum: Description, Measurement, and Estimation of Sky Glow","Version: 1",06/29/2026 18:40:02,"13b3c278-6524-45ab-9a0f-25da4feab552",6366126e-36c2-4565-9103-e529c477400a,cf943716-3e51-402f-b0aa-be15f362e3ab,0000-2E4F-3A9375-0065665E,"https://lighting.ies.org/kdY7ua",Completed,Processing completed successfully
"Main Folder/IES Lighting Library/Lighting Science","TM-39-25, Technical Memorandum: Quantification and Specification of Visual Responses to Temporal Light Modulation (a.k.a. Flicker)","Version: 1",06/29/2026 18:40:01,"7b588e11-ecac-4c82-ad24-af3fdb09dbc9",6366126e-36c2-4565-9103-e529c477400a,ee8e1127-8bc4-4065-969c-3f70fa2ae6eb,0000-2E4F-3A9374-0065665D,"https://lighting.ies.org/ycnNJK",Completed,Processing completed successfully
"Main Folder/IES Lighting Library/Lighting Science","TM-40-24, Technical Memorandum: IES Method for Determining Correlated Color Temperature (CCT) and Distance from the Planckian Locus of Light Sources","Version: 1",06/29/2026 18:40:02,"dd0dff40-b467-4942-bc61-17f01e057c61",6366126e-36c2-4565-9103-e529c477400a,e7643450-962c-4414-883f-554eb19773c8,0000-2E4F-3A9376-0065665F,"https://lighting.ies.org/zfRRba",Completed,Processing completed successfully
"Main Folder/IES Lighting Library/Lighting Science","TM-41-24, Technical Memorandum: Standard Format for the Electronic Data Transfer of Light Output Maintenance Characteristics of Solid-State Light Sources","Version: 1",06/29/2026 18:40:02,"af6fc289-3062-473e-89e4-eadc3fc16979",6366126e-36c2-4565-9103-e529c477400a,16742e9d-d2af-49c0-a7b2-08c133ffb110,0000-2E4F-3A9377-00656660,"https://lighting.ies.org/8M28XP",Completed,Processing completed successfully
"Main Folder/IES Lighting Library/Recommended Practice","RP-10-20+E2 Prototype_260420-NEW_TABLE, Recommended Practice: Lighting Common Applications","Version: 1",06/29/2026 18:41:37,"0593c061-7d6b-4c4d-849d-758c164d4601",b4a32cf9-d5db-404d-b9aa-3ede2314386e,98ca648f-7199-4e92-92b0-b2d284f52c6a,0000-2E4F-3A937F-00656668,"https://lighting.ies.org/cxXJMG",Completed,Processing completed successfully
"Main Folder/IES Lighting Library/Recommended Practice","RP-11-26_v6 Prototype 260531-NEW_TABLE, Recommended Practice: Lighting for Interior and Exterior Residential Environments","Version: 1",06/29/2026 18:41:47,"8dac905c-8a01-41e0-bce8-652ff3cd94c3",b4a32cf9-d5db-404d-b9aa-3ede2314386e,e4498f56-af7b-4274-8a88-e7293d992d33,0000-2E4F-3A9380-00656669,"https://lighting.ies.org/YCte36",Completed,Processing completed successfully
"Main Folder/IES Lighting Library/Recommended Practice","RP-1-24, Recommended Practice: Lighting Office Spaces","Version: 1",06/29/2026 18:42:09,"beaad125-a6a9-4f68-ac1e-39a6cee767e7",b4a32cf9-d5db-404d-b9aa-3ede2314386e,979d6e64-68e5-4ddc-ab6d-c26b01ca0f8f,0000-2E4F-3A938F-00656678,"https://lighting.ies.org/bQXMBz",Completed,Processing completed successfully
"Main Folder/IES Lighting Library/Recommended Practice","RP-2-20+E1, Recommended Practice: Lighting Retail Spaces","Version: 1",06/29/2026 18:42:16,"dc4450ff-06b3-4cc3-a62b-1ca0fe51d541",b4a32cf9-d5db-404d-b9aa-3ede2314386e,06018ba4-8d0b-40f4-ba60-4dbb2ef7450d,0000-2E4F-3A9393-0065667C,"https://lighting.ies.org/NPfqFH",Completed,Processing completed successfully
"Main Folder/IES Lighting Library/Recommended Practice","RP-28-25, Recommended Practice: Lighting and the Visual Environment for Older Adults and the Visually Impaired","Version: 1",06/29/2026 18:41:59,"4e3081ac-2ed3-4f4d-a205-21c41509594f",b4a32cf9-d5db-404d-b9aa-3ede2314386e,3fe48eab-6ec6-428d-a856-511ae5a3ed5f,0000-2E4F-3A9383-0065666C,"https://lighting.ies.org/Ca8ndV",Completed,Processing completed successfully
"Main Folder/IES Lighting Library/Recommended Practice","RP-29-25, Recommended Practice: Lighting Hospital and Healthcare Facilities","Version: 1",06/29/2026 18:41:58,"6eceb7af-eaa9-4943-9aae-c36d2fcd63e7",b4a32cf9-d5db-404d-b9aa-3ede2314386e,ed6ced6e-d9af-4dfe-b70a-b585495671b0,0000-2E4F-3A9382-0065666B,"https://lighting.ies.org/PVXaQa",Completed,Processing completed successfully
"Main Folder/IES Lighting Library/Recommended Practice","RP-30-25, Recommended Practice: Lighting Museums","Version: 1",06/29/2026 18:42:00,"a44ce193-bb1b-4b20-8a83-bc7bf9e517b0",b4a32cf9-d5db-404d-b9aa-3ede2314386e,c98ef156-a838-400a-95df-007c6158308c,0000-2E4F-3A9384-0065666D,"https://lighting.ies.org/7p74rX",Completed,Processing completed successfully
"Main Folder/IES Lighting Library/Recommended Practice","RP-3-20+E1, Recommended Practice: Lighting Educational Facilities","Version: 1",06/29/2026 18:42:12,"40a94c1a-2332-4a4a-85da-92058e98f5b5",b4a32cf9-d5db-404d-b9aa-3ede2314386e,354b534c-4dc0-428d-8940-fa47bac95b6b,0000-2E4F-3A9390-00656679,"https://lighting.ies.org/e4cqez",Completed,Processing completed successfully
"Main Folder/IES Lighting Library/Recommended Practice","RP-37-25, Recommended Practice: Lighting Airport Outdoor Environments","Version: 1",06/29/2026 18:42:04,"7d8e0633-7a1e-4653-989d-54c28236511a",b4a32cf9-d5db-404d-b9aa-3ede2314386e,ccffd8e7-30b1-4716-ab23-20002040f1a8,0000-2E4F-3A9389-00656672,"https://lighting.ies.org/BJXuxu",Completed,Processing completed successfully
"Main Folder/IES Lighting Library/Recommended Practice","RP-38-17 (R2022), Recommended Practice: Lighting Performance for Small to Medium Sized Videoconferencing Rooms","Version: 1",06/29/2026 18:42:02,"62d9c934-432a-419a-b33b-62dff15ccca1",b4a32cf9-d5db-404d-b9aa-3ede2314386e,57479d59-3e6a-4f27-adea-1b085efdd535,0000-2E4F-3A9386-0065666F,"https://lighting.ies.org/XMqzry",Completed,Processing completed successfully
"Main Folder/IES Lighting Library/Recommended Practice","RP-39-19, Recommended Practice: Off-Roadway Sign Luminance","Version: 1",06/29/2026 18:42:01,"f379d3ac-27a2-4b5d-a138-1a99fc2a390e",b4a32cf9-d5db-404d-b9aa-3ede2314386e,1e16dc13-5f61-4f50-8e17-add64e8f2433,0000-2E4F-3A9385-0065666E,"https://lighting.ies.org/kvyraU",Completed,Processing completed successfully
"Main Folder/IES Lighting Library/Recommended Practice","RP-40-19(R24), Recommended Practice: Lighting Port Terminals","Version: 1",06/29/2026 18:42:03,"d4708cf6-99fb-485d-9876-1c318ebe3a68",b4a32cf9-d5db-404d-b9aa-3ede2314386e,64a75cc1-3cfc-4dab-b969-29d9fcc3be69,0000-2E4F-3A9387-00656670,"https://lighting.ies.org/KUmEhq",Completed,Processing completed successfully
"Main Folder/IES Lighting Library/Recommended Practice","RP-41-20+E1, Recommended Practice: Lighting Theaters and Worship Spaces","Version: 1",06/29/2026 18:42:05,"c270a074-acc8-4da8-8e95-c1e09de46062",b4a32cf9-d5db-404d-b9aa-3ede2314386e,c636f311-278d-430c-abe8-390757b6e747,0000-2E4F-3A938A-00656673,"https://lighting.ies.org/nqcDwb",Completed,Processing completed successfully
"Main Folder/IES Lighting Library/Recommended Practice","RP-4-20+E1, Recommended Practice: Lighting Library Spaces","Version: 1",06/29/2026 18:42:16,"3ab2056c-7e09-4f25-8443-f124a2940d92",b4a32cf9-d5db-404d-b9aa-3ede2314386e,62fdfe74-a847-4468-ad6d-1ea4c96454cb,0000-2E4F-3A9392-0065667B,"https://lighting.ies.org/wJUYPW",Completed,Processing completed successfully
"Main Folder/IES Lighting Library/Recommended Practice","RP-42-26, Recommended Practice: Dimming and Control Method Designations","Version: 1",06/29/2026 18:42:04,"bab37377-728c-48dc-9dfa-11c9c908e575",b4a32cf9-d5db-404d-b9aa-3ede2314386e,ab815bea-0a77-4a71-b989-6d17cec2627e,0000-2E4F-3A9388-00656671,"https://lighting.ies.org/Cba9BR",Completed,Processing completed successfully
"Main Folder/IES Lighting Library/Recommended Practice","RP-43-25, Recommended Practice: Lighting Design for Outdoor Pedestrian Applications","Version: 1",06/29/2026 18:42:07,"43b077c8-f867-482a-b52d-3c8f7b4ba4da",b4a32cf9-d5db-404d-b9aa-3ede2314386e,5d4294c6-a347-41a2-a4dd-9a91ac9b6a58,0000-2E4F-3A938E-00656677,"https://lighting.ies.org/dpgQ4A",Completed,Processing completed successfully
"Main Folder/IES Lighting Library/Recommended Practice","RP-44-21, Recommended Practice: Ultraviolet Germicidal Irradiation (UVGI)","Version: 1",06/29/2026 18:42:05,"ef8e4031-accf-470c-936b-e7a29d07ddf1",b4a32cf9-d5db-404d-b9aa-3ede2314386e,b0c8a86b-4148-4ea2-8751-d22999a1d30d,0000-2E4F-3A938B-00656674,"https://lighting.ies.org/nUfKn4",Completed,Processing completed successfully
"Main Folder/IES Lighting Library/Recommended Practice","RP-45-21, Recommended Practice: Horticultural Lighting","Version: 1",06/29/2026 18:42:06,"4df178c6-a6c2-4284-80b7-0a8863239efa",b4a32cf9-d5db-404d-b9aa-3ede2314386e,e161ba0c-9ea7-46d9-838c-74df3a167b7f,0000-2E4F-3A938C-00656675,"https://lighting.ies.org/pNv8wZ",Completed,Processing completed successfully
"Main Folder/IES Lighting Library/Recommended Practice","RP-46-25, Recommended Practice: Supporting the Physiological and Behavioral Effects of Lighting in Interior Daytime Environments","Version: 1",06/29/2026 18:42:06,"de341aa8-8113-4d4b-bd7e-aece9b0f00fe",b4a32cf9-d5db-404d-b9aa-3ede2314386e,45650f45-1bff-4d51-bc6f-4b22f5e88b4f,0000-2E4F-3A938D-00656676,"https://lighting.ies.org/aRqkcn",Completed,Processing completed successfully
"Main Folder/IES Lighting Library/Recommended Practice","RP-47-23, Recommended Practice: Landscape Lighting","Version: 1",06/29/2026 18:42:15,"e10544cf-c319-4d94-b77d-03ae63a459a5",b4a32cf9-d5db-404d-b9aa-3ede2314386e,a5b8d4c7-2e4b-4392-9630-1c123974c170,0000-2E4F-3A9391-0065667A,"https://lighting.ies.org/MEdfQQ",Completed,Processing completed successfully
"Main Folder/IES Lighting Library/Recommended Practice","RP-6-24, Recommended Practice: Lighting Sports and Recreational Areas","Version: 1",06/29/2026 18:42:19,"726db715-798a-4a1d-bec4-b0b29d370ba3",b4a32cf9-d5db-404d-b9aa-3ede2314386e,7e2ecb52-e65d-49f9-b9bb-302ed704ea35,0000-2E4F-3A9395-0065667E,"https://lighting.ies.org/wrve3Y",Completed,Processing completed successfully
"Main Folder/IES Lighting Library/Recommended Practice","RP-7-21+E1, Recommended Practice: Lighting Industrial Facilities","Version: 1",06/29/2026 18:42:19,"3ea87e62-8316-4dab-b17d-5871a0bfb21d",b4a32cf9-d5db-404d-b9aa-3ede2314386e,09ee232a-18a4-4293-949c-e9d240c8eadd,0000-2E4F-3A9394-0065667D,"https://lighting.ies.org/TuNQhD",Completed,Processing completed successfully
"Main Folder/IES Lighting Library/Recommended Practice","RP-9-23 V4 Prototype 260522 - NEW TABLE, Recommended Practice: Lighting Hospitality Spaces","Version: 1",06/29/2026 18:41:50,"634b6476-5490-47c3-84d5-a9e2f65781c2",b4a32cf9-d5db-404d-b9aa-3ede2314386e,71e6f576-118d-4a37-90bc-e0b4a20f8e38,0000-2E4F-3A9381-0065666A,"https://lighting.ies.org/CfrqQy",Completed,Processing completed successfully
"Main Folder/IES Lighting Library/Lighting Measurements and Testing","LM-10-20 (R2023), Approved Method: Photometric Testing of Roadway and Area Lighting Fluorescent Luminaires","Version: 1",06/29/2026 18:38:30,"159f6c12-fec9-47fc-8807-90687d67ad8e",bea19caf-b542-498b-b40f-9de1e6779d88,73b399ae-5e17-4db6-870a-5a58e748cf97,0000-2E4F-3A934D-00656636,"https://lighting.ies.org/9KEAQM",Completed,Processing completed successfully
"Main Folder/IES Lighting Library/Lighting Measurements and Testing","LM-11-20 (R2023), Approved Method: Photometric Testing of Searchlights Using Incandescent or HID Sources","Version: 1",06/29/2026 18:38:28,"9bb0f11f-00cd-4c1b-90b7-92cb5e75d522",bea19caf-b542-498b-b40f-9de1e6779d88,b9de7ddf-1027-4d84-8ff1-8747683f7246,0000-2E4F-3A9349-00656632,"https://lighting.ies.org/N8ZqaC",Completed,Processing completed successfully
"Main Folder/IES Lighting Library/Lighting Measurements and Testing","LM-20-20, Photometry of Reflector Type Lamps","Version: 1",06/29/2026 18:38:28,"ae308317-5a58-4787-9771-a56aeedb9278",bea19caf-b542-498b-b40f-9de1e6779d88,cefe1f3e-5dd9-4fa6-8de2-608508eb3a6e,0000-2E4F-3A9348-00656631,"https://lighting.ies.org/GB3dmM",Completed,Processing completed successfully
"Main Folder/IES Lighting Library/Lighting Measurements and Testing","LM-28-20, Guide for the Selection, Care, and Use of Electrical Instruments in the Photometric Laboratory","Version: 1",06/29/2026 18:38:27,,bea19caf-b542-498b-b40f-9de1e6779d88,41a50ab1-8c22-4774-ad07-7321673887bd,0000-2E4F-3A9347-00656630,"https://lighting.ies.org/wQwHFT",Completed,Processing completed successfully
"Main Folder/IES Lighting Library/Lighting Measurements and Testing","LM-31-20 (R2023), Approved Method: Photometric Testing of Roadway and Area Lighting Luminaires Using Incandescent Filament or High Intensity Discharge Lamps","Version: 1",06/29/2026 18:38:29,"2ed9d1b3-aa42-4ca4-a959-17653090d4be",bea19caf-b542-498b-b40f-9de1e6779d88,84a5a519-4bf4-4352-9c8f-3c1846ba6b0a,0000-2E4F-3A934A-00656633,"https://lighting.ies.org/JzQC3T",Completed,Processing completed successfully
"Main Folder/IES Lighting Library/Lighting Measurements and Testing","LM-35-20 (R2023), Approved Method: Photometric Testing of Floodlights Using High Intensity Discharge or Incandescent Filament Lamps","Version: 1",06/29/2026 18:38:27,"76b79d3f-11ad-41a7-8b3e-659f33823cdf",bea19caf-b542-498b-b40f-9de1e6779d88,401b0236-334e-454b-9faa-c3faecc71c58,0000-2E4F-3A9346-0065662F,"https://lighting.ies.org/HM9n8G",Completed,Processing completed successfully
"Main Folder/IES Lighting Library/Lighting Measurements and Testing","LM-37-20, IES Guide for Determination of Average Luminance (Calculated) for Indoor Luminaires","Version: 1",06/29/2026 18:38:27,,bea19caf-b542-498b-b40f-9de1e6779d88,dd4dc005-3d37-4c3f-9d65-1f4b0f870eba,0000-2E4F-3A9345-0065662E,"https://lighting.ies.org/WdvXYJ",Completed,Processing completed successfully
"Main Folder/IES Lighting Library/Lighting Measurements and Testing","LM-40-20 (R2023), Approved Method: Life Testing of Fluorescent Lamps","Version: 1",06/29/2026 18:38:26,"13b7560c-b928-4e5b-9983-ae04c99614a1",bea19caf-b542-498b-b40f-9de1e6779d88,cd6ee7a1-ab72-400f-9c52-b7b616f740fa,0000-2E4F-3A9344-0065662D,"https://lighting.ies.org/TufHYc",Completed,Processing completed successfully
"Main Folder/IES Lighting Library/Lighting Measurements and Testing","LM-41-20 (R2023), Approved Method: Photometric Testing of Indoor Fluorescent Luminaires","Version: 1",06/29/2026 18:38:26,"8a1540ba-61b6-48cb-8caf-0e053b09c06e",bea19caf-b542-498b-b40f-9de1e6779d88,f2eb7659-b851-4c9f-9fb0-6fec7d2be0fc,0000-2E4F-3A9343-0065662C,"https://lighting.ies.org/7GNpR4",Completed,Processing completed successfully
"Main Folder/IES Lighting Library/Lighting Measurements and Testing","LM-45-20 (R2023), Approved Method: Electrical and Photometric Measurement of General Service Incandescent Filament Lamps","Version: 1",06/29/2026 18:38:26,"0112fed7-c73e-40e9-b9c5-e1d7ee7c3034",bea19caf-b542-498b-b40f-9de1e6779d88,ee8eba72-1b1b-48af-a829-4d1966bb8371,0000-2E4F-3A9342-0065662B,"https://lighting.ies.org/6FunRb",Completed,Processing completed successfully
"Main Folder/IES Lighting Library/Lighting Measurements and Testing","LM-46-20(R2023), Approved Method: Photometric Testing of Indoor Luminaires Using High Intensity Discharge or Incandescent Filament Lamps","Version: 1",06/29/2026 18:38:26,"ec7af6b2-5d33-49b9-9001-800cd3d1e4aa",bea19caf-b542-498b-b40f-9de1e6779d88,702789fe-ecc7-4caa-b0f9-3560a9060c38,0000-2E4F-3A9341-0065662A,"https://lighting.ies.org/J3v4AK",Completed,Processing completed successfully
"Main Folder/IES Lighting Library/Lighting Measurements and Testing","LM-47-20 (R2023), Approved Method: Life Testing of High Intensity Discharge (HID) Lamps","Version: 1",06/29/2026 18:38:25,"164a310b-fca8-47be-b563-4575a9bec579",bea19caf-b542-498b-b40f-9de1e6779d88,452c9bc1-259e-4c66-940c-3adc4b57c4b1,0000-2E4F-3A933F-00656628,"https://lighting.ies.org/rMvAYk",Completed,Processing completed successfully
"Main Folder/IES Lighting Library/Lighting Measurements and Testing","LM-48-20, Testing the Calibration of Locking-Type Photoelectric Control Devices Used in Outdoor Applications","Version: 1",06/29/2026 18:38:26,"37489070-3305-4376-be9a-d5c97b4bec6f",bea19caf-b542-498b-b40f-9de1e6779d88,25c3e179-536f-4998-8287-89fd99bfa8ca,0000-2E4F-3A9340-00656629,"https://lighting.ies.org/VcWrXc",Completed,Processing completed successfully
"Main Folder/IES Lighting Library/Lighting Measurements and Testing","LM-49-20 (R2023), Approved Method: Life Testing of Incandescent Filament Lamps","Version: 1",06/29/2026 18:38:25,"4987570e-81bc-4a33-b072-5440fe880e3b",bea19caf-b542-498b-b40f-9de1e6779d88,697c7b09-3e6d-4009-bf21-22b6a00d77ac,0000-2E4F-3A933E-00656627,"https://lighting.ies.org/ZgjRyn",Completed,Processing completed successfully
"Main Folder/IES Lighting Library/Lighting Measurements and Testing","LM-51-20 (R2023), pproved Method: Electrical and Photometric Measurement of High Intensity Discharge Lamps","Version: 1",06/29/2026 18:38:25,"77fcf9ac-0c2c-4b5d-9d8e-06320c354d43",bea19caf-b542-498b-b40f-9de1e6779d88,1353a0f2-96ba-4b1a-b459-01a3eea80b37,0000-2E4F-3A933D-00656626,"https://lighting.ies.org/jh7rFT",Completed,Processing completed successfully
"Main Folder/IES Lighting Library/Lighting Measurements and Testing","LM-54-20, IES Guide to Lamp Seasoning","Version: 1",06/29/2026 18:38:25,"27478501-7172-40c1-80a9-9aeb6f57ecf5",bea19caf-b542-498b-b40f-9de1e6779d88,3777cd68-0db8-4533-899c-de4c87f948db,0000-2E4F-3A933C-00656625,"https://lighting.ies.org/h2hU6V",Completed,Processing completed successfully
"Main Folder/IES Lighting Library/Lighting Measurements and Testing","LM-58-20+E1, Spectroradiometric Measurement Methods for Light Sources","Version: 1",06/29/2026 18:38:24,"e59e4b96-25e7-431d-8b2a-e1bc2c5b3046",bea19caf-b542-498b-b40f-9de1e6779d88,70305e53-1d0f-45b0-9b99-b92785ed7159,0000-2E4F-3A933B-00656624,"https://lighting.ies.org/BcH7zt",Completed,Processing completed successfully
"Main Folder/IES Lighting Library/Lighting Measurements and Testing","LM-61-20 (R2023), Approved Method: Identifying Operating Factors for Installed High Intensity Discharge Luminaires","Version: 1",06/29/2026 18:38:24,"415ab0c1-c76a-49f2-84eb-3fceb3a43d4c",bea19caf-b542-498b-b40f-9de1e6779d88,3a369eba-bdec-4cac-9daf-ba2788fa63df,0000-2E4F-3A933A-00656623,"https://lighting.ies.org/V3AfEm",Completed,Processing completed successfully
"Main Folder/IES Lighting Library/Lighting Measurements and Testing","LM-62-20 (R2023), Approved Method: Laboratory or Field Thermal Measurements of Fluorescent Lamps and Ballasts in Luminaires","Version: 1",06/29/2026 18:38:24,"8e780d19-46e4-4377-ba2b-0507862a1bf9",bea19caf-b542-498b-b40f-9de1e6779d88,d18f96fa-6087-48d8-9f63-1157031178c0,0000-2E4F-3A9339-00656622,"https://lighting.ies.org/hEz4Nj",Completed,Processing completed successfully
"Main Folder/IES Lighting Library/Lighting Measurements and Testing","LM-63-19 (R2025, Approved Method: IES Standard File Format for the Electronic Transfer of Photometric Data and Related Information","Version: 1",06/29/2026 18:38:24,"3ffb901c-4d3a-4404-bce0-d3ce87ef662d",bea19caf-b542-498b-b40f-9de1e6779d88,2be3f0e6-9614-40f2-9fd0-72c08f1de36a,0000-2E4F-3A9338-00656621,"https://lighting.ies.org/YpwvPD",Completed,Processing completed successfully
"Main Folder/IES Lighting Library/Lighting Measurements and Testing","LM-65-20 (R2023), Approved Method: Life Testing of Single-Based Fluorescent Lamps","Version: 1",06/29/2026 18:38:24,"f40fa20e-5a82-4f10-8078-fcadc73926d5",bea19caf-b542-498b-b40f-9de1e6779d88,1ecafa0d-244f-4b21-b244-15a8cd338713,0000-2E4F-3A9337-00656620,"https://lighting.ies.org/ZMpuKa",Completed,Processing completed successfully
"Main Folder/IES Lighting Library/Lighting Measurements and Testing","LM-66-20 (R2023), Approved Method: Electrical and Photometric Measurements of Single-Based Fluorescent Lamp","Version: 1",06/29/2026 18:38:24,"f1bb821e-401c-46bd-a92d-6efb5585fdc1",bea19caf-b542-498b-b40f-9de1e6779d88,0ce3be72-705f-4089-993f-2d0f38695925,0000-2E4F-3A9336-0065661F,"https://lighting.ies.org/VEkabP",Completed,Processing completed successfully
"Main Folder/IES Lighting Library/Lighting Measurements and Testing","LM-72-20, Directional Positioning of Photometric Data","Version: 1",06/29/2026 18:38:23,"aed0a1f2-8635-4f02-92be-de998f5c947a",bea19caf-b542-498b-b40f-9de1e6779d88,b92f9234-a350-46f9-b329-5d7088eaa523,0000-2E4F-3A9335-0065661E,"https://lighting.ies.org/Gej88B",Completed,Processing completed successfully
"Main Folder/IES Lighting Library/Lighting Measurements and Testing","LM-73-18 (R2023), Photometric Testing of Entertainment Lighting Luminaires Using Incandescent Filament Lamps or High Intensity Discharge Lamps","Version: 1",06/29/2026 18:38:23,"68d72974-ac8e-4902-beb6-90ac755b97cd",bea19caf-b542-498b-b40f-9de1e6779d88,68afed35-e7ad-4ae5-b99d-efd410f8a73e,0000-2E4F-3A9334-0065661D,"https://lighting.ies.org/2NpwB2",Completed,Processing completed successfully
"Main Folder/IES Lighting Library/Lighting Measurements and Testing","LM-73-18R2023","Version: 1",06/29/2026 18:38:22,"68d72974-ac8e-4902-beb6-90ac755b97cd",bea19caf-b542-498b-b40f-9de1e6779d88,3b82de76-1147-48fa-8130-ffd7abe4b5c5,0000-2E4F-3A9331-0065661A,"https://lighting.ies.org/6RJqrX",Completed,Processing completed successfully
"Main Folder/IES Lighting Library/Lighting Measurements and Testing","LM-75-19, Guide to Goniometer Measurements and Types, and Photometric Coordinate Systems","Version: 1",06/29/2026 18:38:22,"d36f7647-ca9b-458a-b98f-6a1c8b251446",bea19caf-b542-498b-b40f-9de1e6779d88,9fba9d5d-a913-4240-9322-8b781a224093,0000-2E4F-3A9333-0065661C,"https://lighting.ies.org/jGzvBp",Completed,Processing completed successfully
"Main Folder/IES Lighting Library/Lighting Measurements and Testing","LM-77-20, Intensity Distribution Measurement of Luminaires and Lamps Using Digital Screen Imaging Photometry","Version: 1",06/29/2026 18:38:22,"2329d640-eadf-496b-9953-54d3bd8c599e",bea19caf-b542-498b-b40f-9de1e6779d88,c94ccec2-9caa-4e7d-8786-046da6c393ce,0000-2E4F-3A9332-0065661B,"https://lighting.ies.org/GXb9eB",Completed,Processing completed successfully
"Main Folder/IES Lighting Library/Lighting Measurements and Testing","LM-78-20, Total Luminous Flux Measurement of Lamps Using an Integrating Sphere Photometer","Version: 1",06/29/2026 18:38:21,"2b465af3-5ccb-4959-9627-63aa93af6251",bea19caf-b542-498b-b40f-9de1e6779d88,604a82ec-d846-42b4-8c00-6d480cf7bbd4,0000-2E4F-3A9330-00656619,"https://lighting.ies.org/PX7P6F",Completed,Processing completed successfully
"Main Folder/IES Lighting Library/Lighting Measurements and Testing","LM-79-24, Optical and Electrical Measurements of Solid State Lighting Products","Version: 1",06/29/2026 18:38:21,"ecc6502d-84b1-4015-81dd-a1a1134c1bb7",bea19caf-b542-498b-b40f-9de1e6779d88,2a5163c1-9379-4111-ad0e-d3caac1a2b84,0000-2E4F-3A932F-00656618,"https://lighting.ies.org/tgE8gU",Completed,Processing completed successfully
"Main Folder/IES Lighting Library/Lighting Measurements and Testing","LM-80-21, Measuring Maintenance of Light Output Characteristics of Solid-State Light Source","Version: 1",06/29/2026 18:38:21,"3ebaa7be-1f3e-4953-85f3-39db5084d5b0",bea19caf-b542-498b-b40f-9de1e6779d88,0dcfdb36-4030-4327-9c19-5d39aba9f4e7,0000-2E4F-3A932E-00656617,"https://lighting.ies.org/vtEYfQ",Completed,Processing completed successfully
"Main Folder/IES Lighting Library/Lighting Measurements and Testing","LM-81-20 (R2023), Approved Method: Photometric Testing of Skylights and Tubular Daylighting Devices Under Hemispheric Sky Conditions","Version: 1",06/29/2026 18:38:21,"abc0b600-8742-44b9-8271-1d1d9cd35e4c",bea19caf-b542-498b-b40f-9de1e6779d88,941b101b-39e5-4832-8097-47d3c26bf2ac,0000-2E4F-3A932D-00656616,"https://lighting.ies.org/MXFfRA",Completed,Processing completed successfully
"Main Folder/IES Lighting Library/Lighting Measurements and Testing","LM-82-20, Characterization of Optical and Electrical Properties of Solid-State Lighting Products as a Function of Temperature","Version: 1",06/29/2026 18:38:20,"c81d52cc-b27d-442f-a229-4cdad0c4b8f2",bea19caf-b542-498b-b40f-9de1e6779d88,befec48b-7229-4a38-9749-08449cfa12f2,0000-2E4F-3A932A-00656613,"https://lighting.ies.org/nFTTxd",Completed,Processing completed successfully
"Main Folder/IES Lighting Library/Lighting Measurements and Testing","LM-84-20+E1, Measuring Optical Radiation Maintenance of LED Lamps, Light Engines, and Luminaires","Version: 1",06/29/2026 18:38:20,"fd321797-2448-4006-90b0-877b301ff6b7",bea19caf-b542-498b-b40f-9de1e6779d88,bb462075-bb4c-4d91-a365-6a2d0bffc3b7,0000-2E4F-3A932B-00656614,"https://lighting.ies.org/BQzyEq",Completed,Processing completed successfully
"Main Folder/IES Lighting Library/Lighting Measurements and Testing","LM-85-23, Approved Method: Optical and Electrical Measurements of LED Sources","Version: 1",06/29/2026 18:38:21,"a18f9f98-8a8c-4386-a54a-fe484beb71f1",bea19caf-b542-498b-b40f-9de1e6779d88,ca26f3ea-43ac-404c-b8c9-34190cdb8504,0000-2E4F-3A932C-00656615,"https://lighting.ies.org/veezVB",Completed,Processing completed successfully
"Main Folder/IES Lighting Library/Lighting Measurements and Testing","LM-86-20 (R2023), Approved Method: Measuring Luminous Flux and Color Maintenance of Remote Phosphor Components","Version: 1",06/29/2026 18:38:20,"b506b8d0-7905-43f7-92a3-2c87e0840e83",bea19caf-b542-498b-b40f-9de1e6779d88,f31f3ec2-8491-4c21-8d6c-c6b9b11385a7,0000-2E4F-3A9329-00656612,"https://lighting.ies.org/d3jyDu",Completed,Processing completed successfully
"Main Folder/IES Lighting Library/Lighting Measurements and Testing","LM-88-18 (R2023), Approved Method Optical and Electrical Measurements of AC-LED Packages and Arrays or Modules","Version: 1",06/29/2026 18:38:20,"19cd4560-881a-4d85-9ccb-21779685dea0",bea19caf-b542-498b-b40f-9de1e6779d88,cb2fd9dd-6e58-4dc5-b034-3364306b254b,0000-2E4F-3A9328-00656611,"https://lighting.ies.org/naNrE3",Completed,Processing completed successfully
"Main Folder/IES Lighting Library/Lighting Measurements and Testing","LM-90-20, Measuring Luminous Flux Waveforms for Use in Temporal Light Artifact (TLA) Calculations","Version: 1",06/29/2026 18:38:20,"bb41e9d3-5691-48a0-9bbb-155dba4e551f",bea19caf-b542-498b-b40f-9de1e6779d88,4eafab51-15aa-4894-bde5-8629b27d88ed,0000-2E4F-3A9327-00656610,"https://lighting.ies.org/YqXkTB",Completed,Processing completed successfully
"Main Folder/IES Lighting Library/Lighting Measurements and Testing","LM-91-22, Application Distance Radiometry","Version: 1",06/29/2026 18:38:19,"df9adf72-086b-4b76-9d0f-268082c4b751",bea19caf-b542-498b-b40f-9de1e6779d88,06616dce-51bf-4fc8-8ebd-869a1576e6be,0000-2E4F-3A9325-0065660E,"https://lighting.ies.org/zQgYVD",Completed,Processing completed successfully
"Main Folder/IES Lighting Library/Lighting Measurements and Testing","LM-9-20 (R2023)/Approved Method: Electrical and Photometric Measurement of Fluorescent Lamps","Version: 1",06/29/2026 18:38:29,"ba648f13-cbe5-47f9-9812-3dbee637138d",bea19caf-b542-498b-b40f-9de1e6779d88,426b4509-08b5-4542-9f0d-e6c9c89649b8,0000-2E4F-3A934B-00656634,"https://lighting.ies.org/KT8VXN",Completed,Processing completed successfully
"Main Folder/IES Lighting Library/Lighting Measurements and Testing","LM-92-22, Approved Method: Optical and Electrical Measurement of Ultraviolet LEDs","Version: 1",06/29/2026 18:38:19,"3cf7a301-ab6e-41f6-8a16-f0f18349d3ac",bea19caf-b542-498b-b40f-9de1e6779d88,ff802e91-cc05-4c8d-9103-645131e77b7b,0000-2E4F-3A9326-0065660F,"https://lighting.ies.org/FkavGf",Completed,Processing completed successfully
"Main Folder/IES Lighting Library/Lighting Measurements and Testing","LM-93-22, Optical and Electrical Measurements of Far UV-C Excimer Sources","Version: 1",06/29/2026 18:38:19,"d4171167-4357-4201-9706-c0365e234a67",bea19caf-b542-498b-b40f-9de1e6779d88,20a37c5f-702d-44cf-b4f6-1748ec17ecec,0000-2E4F-3A9324-0065660D,"https://lighting.ies.org/YAkkPy",Completed,Processing completed successfully
"Main Folder/IES Lighting Library/Lighting Measurements and Testing","LM-98-24, Approved Method: Measuring In-Situ Temperature of Solid-State Lighting Components in Lamps and Luminaires","Version: 1",06/29/2026 18:38:32,"5d953fe0-8d0d-40bd-808a-352d4fdab42b",bea19caf-b542-498b-b40f-9de1e6779d88,d6eb7b21-2356-40e3-95c0-45bed5a5b580,0000-2E4F-3A9354-0065663D,"https://lighting.ies.org/cjC3GG",Completed,Processing completed successfully
"Main Folder/IES Lighting Library/Lighting Measurements and Testing","TM-15-20, Luminaire Classification System for Outdoor Luminaires","Version: 1",06/29/2026 18:38:31,"21775036-5eaf-45bf-bbb8-92637e4a8765",bea19caf-b542-498b-b40f-9de1e6779d88,5bdf1c67-7db9-4d61-aa4f-5e2c96a7f3f3,0000-2E4F-3A9353-0065663C,"https://lighting.ies.org/X9kxEC",Completed,Processing completed successfully
"Main Folder/IES Lighting Library/Lighting Measurements and Testing","TM-21-21, Projecting Long-Term Luminous, Photon, and Radiant Flux Maintenance of LED Light Sources","Version: 1",06/29/2026 18:38:31,"38f550bb-36b4-4d2a-bd62-da8ce37ef6cb",bea19caf-b542-498b-b40f-9de1e6779d88,ffba4a46-b7ae-4a3a-b920-ff637ad20504,0000-2E4F-3A9350-00656639,"https://lighting.ies.org/6ZmWpn",Completed,Processing completed successfully
"Main Folder/IES Lighting Library/Lighting Measurements and Testing","TM-26-20 (R2023), Technical Memorandum: Projecting Catastrophic Failure Rate of LED Packages","Version: 1",06/29/2026 18:38:30,"05e211c1-f725-49ee-8c62-0d98f4a16009",bea19caf-b542-498b-b40f-9de1e6779d88,37f74e60-29e7-4b51-bd9e-79949dad4e3a,0000-2E4F-3A934E-00656637,"https://lighting.ies.org/cJHfrZ",Completed,Processing completed successfully
"Main Folder/IES Lighting Library/Lighting Measurements and Testing","TM-28-20, Projecting Long-Term Luminous Flux Maintenance of LED Lamps and Luminaires","Version: 1",06/29/2026 18:38:30,"b3978d5d-ccd8-49a3-842f-8247f20786a3",bea19caf-b542-498b-b40f-9de1e6779d88,e1a10468-dc8d-4d8e-925d-914f61b1794e,0000-2E4F-3A934C-00656635,"https://lighting.ies.org/2VqmDU",Completed,Processing completed successfully
"Main Folder/IES Lighting Library/Lighting Measurements and Testing","TM-31-20, Technical Memorandum: Measurement Uncertainty for Lighting Equipment Calibration Using Integrating Spheres","Version: 1",06/29/2026 18:38:31,"229efb17-308b-4e1e-b5ce-df060b2c8a16",bea19caf-b542-498b-b40f-9de1e6779d88,d971dae7-d00a-45bb-95e7-ee4aa51ea729,0000-2E4F-3A9352-0065663B,"https://lighting.ies.org/8qjUec",Completed,Processing completed successfully
"Main Folder/IES Lighting Library/Lighting Measurements and Testing","TM-35-19R25, Technical Memorandum: Projecting Long-Term Chromaticity Coordinate Shift of LED Packages, Arrays, and Modules","Version: 1",06/29/2026 18:38:31,"9f2dcf43-a5a9-4219-b364-9c7e8a2e2932",bea19caf-b542-498b-b40f-9de1e6779d88,4ad2703f-c47e-4552-8f8a-0621656fffb9,0000-2E4F-3A934F-00656638,"https://lighting.ies.org/9d4M2A",Completed,Processing completed successfully
"Main Folder/IES Lighting Library/Lighting Measurements and Testing","TM-38-21, Technical Memorandum: Photometric and Electrical Measurements of Tunable-White Solid-State Lighting Products","Version: 1",06/29/2026 18:38:31,"5ed9d5bb-701b-46c1-bb1a-f64aaefe047f",bea19caf-b542-498b-b40f-9de1e6779d88,131c2a2f-1c57-41e1-925a-5adbb7dc1f17,0000-2E4F-3A9351-0065663A,"https://lighting.ies.org/tndXPw",Completed,Processing completed successfully
